ink_frac,centroid_x,centroid_y,std_x,std_y,span_x,span_y,radial_mean,radial_std,vel_mean,vel_std,acc_mean,jerk_mean,fixation_ratio,saccade_ratio,grid_entropy,n_active_cells,bbox_fill,aspect_ratio
0.012861328125,0.4197845482156416,0.5705079937568548,0.10511450624907093,0.13982577047390446,0.38593750000000004,0.6333333333333333,0.15180718096769955,0.0869188432921602,0.05430841534285189,0.04153458260281527,0.07388251174932135,0.06206222301626294,0.31181979245760566,0.40344216654011644,0.5563493924662393,0.25,0.05261826124014489,0.6093750000000001
0.008557942708333334,0.43326122099657666,0.6125182261950044,0.07794033768567894,0.055815320658211036,0.3046875,0.23333333333333334,0.07986733755362738,0.05302126602441258,0.03873835574549332,0.03226302178768393,0.09046756016975066,0.08574347959039075,0.6158235070368961,0.2107265119817421,0.35043772387900335,0.125,0.12037545787545788,1.3058035714285714
0.0054752604166666665,0.4296995763971463,0.5778624157748712,0.07360725191620947,0.06377473207246938,0.29218750000000004,0.25416666666666665,0.09044925844453264,0.036113371933478,0.03671166445174978,0.0335462894978732,0.07774358256976988,0.06946212492131217,0.47265160523186683,0.26634958382877527,0.4180256530711134,0.109375,0.07372665906899271,1.1495901639344264
0.010266927083333334,0.4372057308180089,0.5401976326358063,0.0791124977854613,0.08481690221068537,0.34687500000000004,0.3645833333333333,0.103834946860227,0.05168169905300537,0.056699864473373364,0.04461500366558212,0.06697377746279234,0.05767963494846259,0.25998731769181993,0.4543436905516804,0.4534997419906042,0.140625,0.08118404118404118,0.9514285714285716
0.0273828125,0.5557642727650974,0.5365767158028213,0.17284782498659157,0.11349057961658478,0.765625,0.6895833333333333,0.18208407468800064,0.09798914230320808,0.0874810028623908,0.06017763032910965,0.07663375383439158,0.05266006545271461,0.08368996671421779,0.6333808844507846,0.6403359802628255,0.375,0.05186509649176891,1.1102719033232629
0.006116536458333334,0.5965540180947312,0.6108790136597481,0.12135527977432646,0.020022036691649536,0.4453125,0.11458333333333326,0.10622806371475699,0.061996647988422256,0.0426050569243131,0.03922970810548918,0.08119254088010937,0.07127070093604233,0.4651410324640766,0.329430548163917,0.39389957583615054,0.109375,0.11987240829346102,3.886363636363639
0.005729166666666666,0.4148464133522727,0.5653444602272727,0.07861134128999604,0.04366638626253434,0.2640625,0.19375000000000003,0.08107529494027778,0.0389010644968496,0.04088012477718359,0.03918581186417024,0.07420677361853832,0.064674688057041,0.44772727272727275,0.35909090909090907,0.3269165289968308,0.078125,0.11198065788636506,1.3629032258064513
0.022555338541666668,0.6303782111415789,0.6248848438928176,0.13603042668222234,0.07377965402619978,0.49062500000000003,0.42291666666666666,0.14000872947722445,0.06591866201423226,0.06604240772654854,0.04367289276808902,0.06692248266025995,0.05414243630776022,0.15543368451435993,0.5687689421272911,0.5345931702078202,0.21875,0.10870383734429417,1.1600985221674878
0.016608072916666668,0.7051670913367306,0.5913644975826473,0.09804032868873115,0.03801839212413742,0.34687500000000004,0.18541666666666667,0.09469216115296246,0.04572415997348122,0.05969592854782054,0.0448570135296956,0.06741915896111482,0.055230935965134786,0.22148177185417484,0.4925519404155233,0.36501776952579407,0.09375,0.2582245166514829,1.8707865168539328
0.024664713541666668,0.5006951547446218,0.6637282235713342,0.18763488495517824,0.04890826150134199,0.696875,0.2437499999999999,0.1633686230763958,0.10444884436579054,0.06257482008244765,0.047598963716132064,0.07007688386163494,0.05824230708516744,0.27240332585455984,0.45981259073511943,0.4965903282663886,0.171875,0.14520332681767664,2.85897435897436
0.00650390625,0.3691324136636636,0.6079371037704371,0.09105560017525119,0.029959366472565096,0.3109375,0.12916666666666665,0.08651427610181985,0.04127912297143369,0.04627176195803647,0.03570375582606391,0.06290800604526095,0.053424012247541654,0.2997997997997998,0.42992992992992995,0.40117211733130387,0.125,0.16193872588750208,2.407258064516129
0.010654296875,0.34548292850595785,0.6053187697321518,0.08455167972615048,0.03712607241987358,0.30624999999999997,0.15416666666666667,0.08375775181478402,0.03888406882994974,0.057501961982470956,0.04342712219399374,0.06281578931603193,0.05308555441730618,0.22150931866788878,0.48243201955392606,0.4090981268139988,0.109375,0.2256618863761721,1.9864864864864862
0.005478515625,0.3763192587641117,0.6208085759556347,0.0859823234711148,0.02709184293205303,0.28593749999999996,0.1166666666666667,0.08201471200886233,0.03742345410367442,0.03665955984295084,0.03302975148592077,0.06115363554809922,0.054566425500681554,0.37849079025549615,0.2905525846702317,0.3927717307376208,0.125,0.1642271662763466,2.4508928571428563
0.0033235677083333333,0.574144527424094,0.5809582109043421,0.07630183134574636,0.03131359643142159,0.26875,0.11250000000000004,0.07342158621330122,0.037573680497223545,0.02967870791803499,0.033658735020098196,0.07983714543603924,0.07127191718999058,0.5484818805093046,0.2781586679725759,0.25021296443648633,0.078125,0.10992678725236861,2.388888888888888
0.012763671875,0.5838888357561848,0.5625690725155148,0.19599427583119403,0.031441130521196105,0.7734375,0.13541666666666663,0.1665363175862949,0.10801831220604116,0.059099569437568444,0.042132573613150905,0.05317070975291417,0.04353331233028789,0.15021678143330783,0.4978321856669217,0.4528741816620031,0.140625,0.1218648018648019,5.7115384615384635
0.016585286458333334,0.3829048086359176,0.5535549558390579,0.09830652722053161,0.11918750983894708,0.31249999999999994,0.5375,0.1375045811733892,0.07044377866143355,0.05486193692393542,0.03845632710284365,0.06905347418653429,0.06038215089765052,0.2683022571148185,0.4153091265947007,0.5147074732266961,0.1875,0.0987403100775194,0.5813953488372092
0.016761067708333334,0.33980414886385707,0.6189409755939664,0.08588809111728614,0.034772134818449145,0.31562500000000004,0.2020833333333334,0.08240882551859849,0.042363321780153645,0.07418383162159795,0.05752660293385967,0.0800010662645326,0.06327899192304616,0.20314624198873568,0.5171878034569819,0.44384173144113537,0.140625,0.26278452587526785,1.5618556701030926
0.016207682291666668,0.41164578730668805,0.5532545022427529,0.104628262716442,0.1403930537421478,0.3578125,0.5166666666666666,0.15825988156372484,0.07490722785914716,0.05855337515604756,0.044471139655925154,0.06783234683710801,0.0585714904559936,0.25466961237196223,0.45129544085157663,0.5436072704834759,0.203125,0.08767079870404283,0.6925403225806452
0.022454427083333332,0.6046852348506813,0.5887730139170774,0.19707757090532244,0.04079227618582119,0.7734375,0.18958333333333338,0.16684354722005962,0.11254692133235113,0.07227272468859972,0.051992956925103334,0.0619071171524568,0.0457131649412447,0.12858799652073064,0.5690055088431429,0.5262723987164134,0.21875,0.1531357531357531,4.0796703296703285
0.005361328125,0.44407255616272007,0.5306352459016394,0.06277033657236794,0.1053412899956375,0.22343750000000007,0.41041666666666665,0.10963741831327517,0.05492302829372453,0.027236687024536587,0.03035836489927391,0.08845077800397634,0.08735788182911294,0.6320582877959927,0.172434729811779,0.46720356786206985,0.140625,0.05846437826133256,0.5444162436548226
0.010813802083333334,0.4213623193859121,0.618808950431467,0.13812471277278593,0.040827922681851404,0.6375,0.30416666666666664,0.11741999419689973,0.08341403066558933,0.053810012867278156,0.03787801530445041,0.06813991099148871,0.05719328068373647,0.2354003612281758,0.4741119807344973,0.5120842224225346,0.1875,0.05576819769003493,2.095890410958904
0.015904947916666665,0.4088086497134671,0.587104738027016,0.12441893403948016,0.0703877551622453,0.5421875,0.38958333333333334,0.12111240818170471,0.07593610346027013,0.05807790164776512,0.04511802559914121,0.06515695103256203,0.05264581477290057,0.2237003683995088,0.4582480556692591,0.5291579402974704,0.21875,0.07529781627086254,1.3917112299465242
0.024755859375,0.3983183349769888,0.6184453758492221,0.10975398638587176,0.045926897579435036,0.4359375,0.2645833333333334,0.10629824087313332,0.05344063469064874,0.07309845174098567,0.05522359810544254,0.0786572301504428,0.0677928607340372,0.16370808678500987,0.47218934911242605,0.47486317446781445,0.15625,0.2146304292608585,1.64763779527559
0.02650390625,0.5022802290591992,0.5464277306967985,0.1474638291035578,0.1121587048635009,0.65625,0.5395833333333333,0.14990483412201838,0.10887468336299007,0.07119896349598548,0.04751741522432769,0.07306823490880017,0.06316894726448673,0.140506018177352,0.4759272905919921,0.5763705657916267,0.28125,0.07484831770546058,1.2162162162162162
0.010817057291666666,0.5305230589828468,0.5393570067208345,0.051562070652182865,0.11905142356272023,0.29375000000000007,0.53125,0.1132061174318905,0.0633739974930407,0.05806706673039363,0.04516523610449437,0.07125736843036945,0.058737379995633526,0.26542281071321094,0.44116761962082457,0.4685995583606847,0.203125,0.06931581143095535,0.5529411764705884
0.02333984375,0.4862334379358438,0.542092050209205,0.16014810939445237,0.09835477929402361,0.678125,0.48541666666666666,0.1636941544218547,0.09233256933881762,0.06135422648836382,0.03768008495682737,0.06400689145951267,0.05015068230918587,0.14253835425383543,0.5340306834030684,0.614991163901783,0.3125,0.0709044520480212,1.3969957081545064
0.017711588541666667,0.42141495129571765,0.5274578049378178,0.1310081571279905,0.12437803528384875,0.6515625,0.5208333333333334,0.15820614265092633,0.08720005345558751,0.05992338490257341,0.043480243638686654,0.06810094741811445,0.05955148094893167,0.18654659070023893,0.5056055872082338,0.61544542781896,0.28125,0.05219184652278177,1.251
0.020950520833333333,0.4597687810752019,0.4794919851874871,0.12791710952167656,0.1209015089504303,0.68125,0.44583333333333336,0.15648583425533188,0.08057385092127826,0.05759209836824723,0.03663808490910788,0.058623673210738615,0.047320220816729416,0.17277812305779988,0.5191112492231199,0.6162669401378974,0.28125,0.06897882191545913,1.52803738317757
0.013395182291666667,0.6493761391251518,0.576142162818955,0.10820125333761849,0.0843663017278058,0.38125,0.4125,0.12323613323330042,0.06031616331268834,0.05049627141257475,0.041656277298339574,0.06299859433445311,0.05293402901865485,0.27460510328068044,0.39416767922235724,0.5017529808041862,0.171875,0.08517552574929625,0.9242424242424242
0.018557942708333334,0.7047546483073145,0.524653934982167,0.09290962138876019,0.12836096068874278,0.34843749999999996,0.5,0.1417118276583226,0.07089775650383873,0.06189694962356106,0.04379292253614235,0.06284552761641404,0.05086689297715227,0.18680933169619365,0.5016663743202947,0.5090756769825109,0.203125,0.10652092675635279,0.6968749999999999
0.010432942708333334,0.5397981669266771,0.6092440197607905,0.15202364909615332,0.026076986749642313,0.6046875,0.11458333333333337,0.12586263712717877,0.0891616268236706,0.04663424184026184,0.040498988460857456,0.07311492459698388,0.06369092410755253,0.4143525741029641,0.3494539781591264,0.5028691057161307,0.15625,0.15057552266854587,5.277272727272726
0.015524088541666667,0.3241075172992241,0.5410161983644369,0.114248645729367,0.106386411060549,0.421875,0.475,0.13726402542667376,0.07435999484268384,0.05406074360966865,0.03770733497069301,0.06399171117388032,0.05160534333255215,0.24868945271545398,0.46634514573285807,0.4803421248345287,0.203125,0.07746913580246914,0.8881578947368421
0.022643229166666667,0.6100181048734905,0.5202915348859498,0.13192847690047765,0.08313750826453702,0.6,0.5020833333333333,0.13442289938707516,0.07904082753924137,0.06307377465074586,0.04093536168116486,0.07703097340143647,0.06394986976964448,0.26308223116733753,0.390166762507188,0.5112894945874172,0.265625,0.07516424619640388,1.1950207468879668
0.025296223958333332,0.662618630163428,0.5398141594818341,0.11430466520533358,0.11472024738826156,0.3796875,0.5895833333333333,0.14242674690641657,0.07707732101067662,0.07352020205843242,0.05103740697443223,0.08137292750068756,0.07074467414040639,0.1726933470595805,0.4390683309741346,0.5309723415454778,0.234375,0.11300149776788959,0.6439929328621908
0.011083984375,0.5794465859030837,0.5963601321585903,0.10758478291201316,0.05306582240685862,0.3765625,0.31458333333333327,0.10278471020595362,0.06185281214156226,0.06172583570873283,0.0533638185671634,0.10819843943451095,0.10261495493939134,0.4939794419970631,0.20381791483113068,0.4220034062939656,0.15625,0.09356709076419996,1.1970198675496693
0.01679036458333333,0.41525421675067853,0.531324318211193,0.1343270400328726,0.037571528540147545,0.65,0.2,0.11773697121866993,0.07478889656285995,0.06112416273217313,0.03978581686377025,0.08436086338374046,0.07461396346052962,0.3140752229546336,0.34742148119426136,0.45894755563791506,0.1875,0.12915665064102563,3.25
0.0090625,0.6166986575071839,0.6008620689655172,0.10624879703375995,0.02701178283363108,0.4234375,0.16666666666666663,0.096846964687716,0.05137225626492039,0.042590714446698215,0.03518626665136822,0.06584263015551048,0.0584192585080009,0.3239942528735632,0.33045977011494254,0.38361540091162655,0.09375,0.12841328413284134,2.540625000000001
0.013987630208333334,0.686424394926693,0.5726194631913739,0.10376653880992488,0.04680421785110265,0.3453125,0.2916666666666667,0.10365054145342463,0.04706054230092367,0.05647077076117857,0.04485434639768138,0.06782296814467002,0.05859172153851067,0.26274144752152667,0.4265766814056318,0.3890976925800902,0.140625,0.13888170652876536,1.1839285714285714
0.006676432291666667,0.5414317710872745,0.5600367706809686,0.09972754001026699,0.09182268233409858,0.38906250000000003,0.4375,0.1174046909630906,0.06777260336883467,0.03940688903547767,0.03896643808328745,0.06954426821923308,0.059930593397768656,0.42905899561189664,0.363725012189176,0.48095776659638073,0.140625,0.039223560910307896,0.8892857142857143
0.009248046875,0.417387693593805,0.5488809691423208,0.08915897623293545,0.09151908869171528,0.3328125,0.475,0.11027831800085762,0.06452719749662864,0.04939161162529073,0.03955274635437138,0.06803045047656514,0.05465073745091138,0.3101020767335445,0.43752199929602253,0.4228296010700741,0.171875,0.058500123548307394,0.7006578947368421
0.007473958333333333,0.6295336999128921,0.6002731199186991,0.10162055761912961,0.019908304627847886,0.3390625,0.09791666666666665,0.09158430235774628,0.04832591318974672,0.04883001981280317,0.039819481835007574,0.07613240418118468,0.06530709844913575,0.33885017421602787,0.4137630662020906,0.40139138211274755,0.109375,0.22512010981468775,3.462765957446809
0.013196614583333334,0.555836827824371,0.5775427561256372,0.17526649955902085,0.040378893737781335,0.7109375,0.21458333333333335,0.14728017445471422,0.1032344474472946,0.05990307321744682,0.04643187749678841,0.06142372094373023,0.05054025556942067,0.2067094227923039,0.5019733596447953,0.4774418182625132,0.171875,0.08650378747466127,3.3131067961165046
0.01462890625,0.46396028037383186,0.5819296098501706,0.18782451098368202,0.03700995779281071,0.7015625,0.175,0.16074918656163284,0.10395904444471521,0.060889901131792275,0.0465187058753588,0.06443973227920452,0.04764260844524726,0.20249221183800623,0.5086782376502003,0.5172909137760495,0.171875,0.11915367483296216,4.008928571428571
0.013997395833333334,0.3992387354651163,0.5847679263565891,0.19182496515292985,0.024248475737859557,0.7515625,0.12083333333333335,0.16099403042191074,0.10707813969266178,0.05859735522115823,0.05090287335707227,0.06698860009119927,0.051533059735522115,0.2555813953488372,0.40255813953488373,0.42784168971372805,0.15625,0.15413291275360239,6.219827586206896
0.020882161458333333,0.5591097525331254,0.6261025591062614,0.14627412824330221,0.1088937749581516,0.6421875,0.6229166666666667,0.15365981739955487,0.09819692120789755,0.05868720676111443,0.03867533052177072,0.07314902266440482,0.06235080158329895,0.2809041309431021,0.39532346063912704,0.5680491987273444,0.3125,0.05220158028790209,1.0309364548494984
0.02462890625,0.6125433683584457,0.6482022094457661,0.1469199083540078,0.11265647840404078,0.6031249999999999,0.6458333333333333,0.16329767537877526,0.08723996110176974,0.052840105114210625,0.03741862899140517,0.06396365577687592,0.05381350002332416,0.3045202220459952,0.38342585249801747,0.6251054400437658,0.359375,0.06322914925622598,0.9338709677419355
0.023323567708333333,0.503780312281926,0.681662595952547,0.12750856005593383,0.08969461708515993,0.5546875,0.5458333333333333,0.12926758440276376,0.08714039731528365,0.06315996880259431,0.040930287952993964,0.06827579601275262,0.056447600673207185,0.18799720865317515,0.4856943475226797,0.5083995336561321,0.234375,0.07703472744866144,1.0162213740458017
0.026412760416666667,0.3577435605126941,0.6796991824829512,0.12637902311434368,0.09236316606132344,0.47187500000000004,0.4354166666666666,0.14570370804524282,0.057210500697634684,0.06337194971653931,0.04139968772330876,0.07096763280121021,0.06200853523563726,0.19349272861720482,0.4333251170815874,0.5579496596493324,0.265625,0.12855286922906303,1.083732057416268
0.028235677083333334,0.582813220544155,0.5918249461993699,0.14135371963824642,0.050750305957320725,0.5953125,0.25625000000000003,0.1304466349546991,0.0744321371406539,0.0637844900468834,0.042601878954750816,0.07302282683882869,0.0646430395999765,0.19863961263546231,0.4154945815079548,0.5186700652008767,0.1875,0.18509271706890293,2.3231707317073167
0.019654947916666665,0.5977582084299436,0.5784062051451916,0.13037599446902093,0.055457175628489556,0.590625,0.35625,0.12402315090990246,0.06849566629250989,0.07147867427858855,0.05124394239020255,0.08670641492768025,0.07282050282849145,0.2045379264657171,0.3598873799271282,0.4565838488252023,0.171875,0.09341254370494137,1.657894736842105
0.016917317708333334,0.4784322686165095,0.586583605926496,0.1388936798724748,0.051741417134511476,0.659375,0.35416666666666674,0.11728921714246673,0.09061935829452952,0.06307258712605689,0.04500116831160432,0.07790995559278166,0.07200081494980136,0.24302482201269962,0.3915720608043102,0.5103852881900358,0.1875,0.07244215221633675,1.8617647058823528
0.01611328125,0.6152534722222223,0.530054292929293,0.10068906459309175,0.142797104103427,0.3515625,0.6229166666666667,0.15557211322797299,0.07954004183264882,0.054175480293127354,0.03509014909291858,0.06420598138245197,0.05161338878985938,0.2593939393939394,0.4711111111111111,0.5580697431297034,0.234375,0.07357859531772576,0.56438127090301
0.017203776041666667,0.6347433774834437,0.5850453327026175,0.10950012322260744,0.032379755787526804,0.375,0.16875000000000007,0.10300239742375697,0.049287236639768216,0.06493627914742056,0.0472311820535743,0.0787630548908305,0.06391377743150241,0.2618732261116367,0.41929990539262063,0.39757116211316473,0.109375,0.27186213991769537,2.2222222222222214
0.013460286458333333,0.6492759975816202,0.6030834340991535,0.1212695898038227,0.03858513967603262,0.375,0.2104166666666667,0.11494770340386148,0.05460908255212001,0.05992460345686037,0.04700825623712166,0.08167010455935698,0.06934964554140882,0.35743651753325273,0.37920193470374847,0.43283038737658325,0.140625,0.17058580858085806,1.782178217821782
0.016253255208333334,0.293560672441418,0.6567644702583617,0.11192668756113743,0.0744177410022181,0.3734375,0.3666666666666666,0.12252331986489677,0.05525956617243642,0.057759294384687576,0.03973987385531358,0.0696512372223073,0.05721578837823934,0.27158021229721613,0.4554376126577208,0.49617459252785623,0.15625,0.11870007607455312,1.0184659090909092
0.008447265625,0.6030732177263969,0.5938110147719974,0.11071303918343993,0.017315842113354532,0.4546875,0.08124999999999993,0.09789793979023974,0.05452713836389293,0.04969587064112735,0.03807160937880295,0.07830292039744606,0.06840757112093393,0.3225433526011561,0.353757225433526,0.36589375559143206,0.109375,0.22865450700502266,5.596153846153851
0.009124348958333334,0.6438776534070638,0.5833266440718278,0.09846574520835139,0.025615121346923134,0.3234375,0.1166666666666667,0.09125521297988112,0.044990260335433775,0.0554699796436591,0.047132053634411385,0.08223821815561758,0.06864633830699601,0.35890117731002497,0.4049232964680699,0.30757785361911094,0.078125,0.24180469289164938,2.772321428571428
0.00521484375,0.6019311797752809,0.5899604660840616,0.11434799052026362,0.024747054874742158,0.3546875,0.11875000000000002,0.10509189820156828,0.05141568431312579,0.0358008371888081,0.03440524349158667,0.08763555359721915,0.08240189958630144,0.531210986267166,0.2721598002496879,0.3803609200016289,0.09375,0.12381173197310454,2.986842105263157
0.009072265625,0.3068128812343021,0.5947486843678985,0.10531156918193559,0.036431515622684256,0.37031249999999993,0.14583333333333337,0.09903750505293817,0.051081841460706344,0.039000401021549634,0.03678971952463022,0.06750670128115831,0.06136333255943209,0.41263006817366343,0.3379978471474704,0.38957031990548374,0.109375,0.1679927667269439,2.5392857142857133
0.004973958333333334,0.4009192981020942,0.6017397469458987,0.07742309932580621,0.02651277832495851,0.27968750000000003,0.12291666666666667,0.07188982141272994,0.039103929482442554,0.037532080895185296,0.034514768300613424,0.08100554357868801,0.07722256441843753,0.4718586387434555,0.2879581151832461,0.31546305671992364,0.09375,0.14468326862986458,2.2754237288135593
0.0218359375,0.6276402709451401,0.5087892566090241,0.13837075124812032,0.13045068317511405,0.5265625,0.6416666666666666,0.17164191166806686,0.08187123854415973,0.060974312205502354,0.043105707707689914,0.06425456288657383,0.049763232663369454,0.18604651162790697,0.5022361359570662,0.628389702121967,0.34375,0.06462676789086284,0.8206168831168833
0.025836588541666667,0.6576063846541514,0.5184043089328462,0.11481718067576768,0.09144289002798124,0.4703125,0.3854166666666667,0.13241552792205297,0.06333178570137878,0.06533510216484224,0.041215735680483916,0.06477678383940196,0.047390355915580294,0.1471588761496787,0.535718785435303,0.4975884579259644,0.21875,0.14253389602226813,1.2202702702702704
0.03111328125,0.5368784656831973,0.5103011438934226,0.16776476072739951,0.12906647281606695,0.75625,0.5416666666666667,0.1834526495970166,0.10558548528531937,0.0602927841988438,0.03877595952708187,0.05536476988786726,0.039487709710375046,0.14500941619585686,0.5189370161121574,0.670288423363592,0.34375,0.07595359186268276,1.3961538461538459
0.028955078125,0.40835248032602584,0.43554501592655054,0.14431336733748748,0.16169438218571794,0.6859375,0.5499999999999999,0.2025796087201285,0.0770254721082919,0.05839852748294372,0.03608961263318512,0.05563689669234754,0.044443121824334006,0.1317594154019112,0.5199550309162451,0.6697793887891322,0.390625,0.07674984468834128,1.247159090909091
0.030172526041666668,0.5394788744740533,0.5458014169094113,0.1266606594592687,0.1516845893654245,0.528125,0.7666666666666666,0.17588137671172116,0.0900937213772631,0.06081752584516383,0.040150654221083694,0.061684002546967646,0.05120039600693012,0.1514726507713885,0.5082533175099795,0.6567873702357213,0.359375,0.07451923076923078,0.688858695652174
0.0223046875,0.521283703663164,0.5737792493675812,0.15919804643537439,0.08350668193682523,0.678125,0.5125,0.14881214330348652,0.10085796905728521,0.0614602291587972,0.0437928769716327,0.06815986172636013,0.055061067042111646,0.22723292469352013,0.4677466433158202,0.553519237815346,0.25,0.06417893672024279,1.3231707317073171
0.01451171875,0.5142247784881112,0.5072449342006878,0.18902203671940132,0.1371183680385075,0.7,0.5416666666666666,0.20504840228188737,0.11174045794044157,0.05026961883901159,0.035809436764297355,0.06265801071437996,0.054541296105701145,0.25078510542844323,0.4199192462987887,0.6350265121400057,0.34375,0.03827266483516484,1.2923076923076924
0.011764322916666667,0.4799248581903708,0.5090331580889135,0.03537930665904125,0.13961470051366515,0.19687500000000002,0.4979166666666666,0.12029250025818056,0.07920652953406385,0.0466551645561379,0.03666926583042891,0.06939027963149841,0.0665375391994097,0.33231876037631436,0.3494742667404538,0.5026879282669288,0.171875,0.12001062628677692,0.395397489539749
0.021722005208333332,0.5629783736700135,0.6557820070932613,0.15397533834029378,0.02850902502130628,0.659375,0.1645833333333333,0.13248420168608877,0.08348116930346129,0.06901384860852777,0.04964980650437068,0.0771561134569218,0.06695815445914616,0.22868275138618313,0.4605125131125431,0.44239844142859075,0.171875,0.20016197732317478,4.0063291139240516
0.01779296875,0.44719001555067694,0.6335951792901573,0.18643419811815978,0.05499341110955624,0.6484375,0.33125000000000004,0.17207682914191583,0.09039662806703477,0.053104754525300786,0.03533765539110812,0.0678891973913605,0.06203841214495312,0.29893889498719356,0.3867544822539334,0.5186918172368011,0.1875,0.08283700841100249,1.9575471698113205
0.015403645833333333,0.43311331096787825,0.6661335059171598,0.12333947068676494,0.05446087125729345,0.5421875,0.3833333333333333,0.11537199417061031,0.06977044136660956,0.05249366018596787,0.03506387073967293,0.07672749573202063,0.06736446057713026,0.33791208791208793,0.31191885038038886,0.46719851103695337,0.1875,0.07411351960907155,1.4144021739130437
0.017620442708333333,0.5811486814151118,0.6402734158507297,0.15474269541247462,0.04303872303446501,0.66875,0.17708333333333337,0.1383075344637002,0.08166185997470089,0.05309802472624002,0.036876534883919225,0.07198791580182784,0.0632855543843253,0.30020321448365045,0.35137631627563276,0.48895860026780297,0.1875,0.1487905442550852,3.776470588235293
0.017027994791666667,0.5878193103613076,0.6624155674504556,0.129119531481017,0.06154510542018207,0.53125,0.3645833333333333,0.12828522821467986,0.06326573822351376,0.055869795825040015,0.03679837699994654,0.07692826700552137,0.06470700687080415,0.296501624928312,0.3423819537373351,0.49208957091358546,0.21875,0.08791596638655463,1.4571428571428573
0.023515625,0.687061790559247,0.5478460109819122,0.1221796418978703,0.12714040929521953,0.40625,0.5729166666666666,0.15814754998229136,0.07798654374086868,0.06740928929711418,0.04527369810173477,0.06776811499793715,0.05086856448005559,0.16666666666666666,0.540282392026578,0.547921936795852,0.25,0.10103496503496504,0.7090909090909091
0.023951822916666667,0.6241673603560749,0.537359280148591,0.11324199146915727,0.12366888461236976,0.41875,0.5812499999999999,0.15330667656100128,0.06793235293281734,0.061266115579148205,0.044994407248160555,0.06950098332347344,0.05685901433147328,0.2510192987224789,0.44781190540907856,0.5584979599402253,0.28125,0.09840582036056279,0.7204301075268819
0.029114583333333333,0.5644693719253131,0.5177353533094812,0.17507177882407757,0.11711165283733123,0.7734375,0.5479166666666667,0.1871515295356658,0.09664146089220267,0.056701392542705814,0.03794385354595746,0.06005208881405872,0.04840445122592865,0.20225849731663686,0.46053220035778175,0.6792912200011104,0.34375,0.06870223143987401,1.4115969581749048
0.035751953125,0.35308303173085676,0.48080290752374877,0.125202699839994,0.13229991320899867,0.4359375,0.5729166666666666,0.16965777746157856,0.06629646769722883,0.059462663331744416,0.03908074086164178,0.05937482705000419,0.04543885112999948,0.1950286806883365,0.49877082764272057,0.6399105560796792,0.296875,0.14314760508308896,0.7609090909090909
0.03048828125,0.5676684617232542,0.5359600772296961,0.1814787058394314,0.08471972007934683,0.7734375,0.5916666666666666,0.1742852282601191,0.09867426642137223,0.06560567425774494,0.04449218326389408,0.060599665875318745,0.046391411572102685,0.14296391202220798,0.547939355114243,0.5903206155173192,0.28125,0.06662398634229622,1.3072183098591552
0.023837890625,0.5818854123992899,0.5608061359187947,0.14818045542797637,0.0690864635435537,0.7125,0.46041666666666664,0.13638493795405507,0.09016393688757061,0.06697940681120189,0.047613811404368336,0.06621147981246302,0.05152019021455366,0.16455004779461968,0.5444489963129865,0.5063913959993758,0.203125,0.07266611097880447,1.5475113122171946
0.032766927083333335,0.49401310724220143,0.4771149993377045,0.19600633489259148,0.12840038821172942,0.7734375,0.5541666666666667,0.2083816436512295,0.10715518466299956,0.06079015750945719,0.03654102552495459,0.05231939785650004,0.04002992017391101,0.1043115438108484,0.5600039737730975,0.7023028511162474,0.421875,0.07644869750132907,1.3956766917293233
0.025065104166666668,0.3751325081168831,0.5004266774891775,0.1151187027742639,0.1038015028631325,0.43281250000000004,0.45833333333333337,0.14111366768209183,0.06414047488429109,0.05677565571683219,0.03757067208215856,0.05719327731092437,0.04554978354978355,0.15714285714285714,0.48727272727272725,0.5396927735241367,0.25,0.12635379061371838,0.9443181818181818
0.012024739583333333,0.5934479899837575,0.5914303600433136,0.11036061179797844,0.06389925753838048,0.48124999999999996,0.32083333333333336,0.11343882986863099,0.05825986292823017,0.049463358705691254,0.03502831715109322,0.06485663025361742,0.05140503413059864,0.27314564158094207,0.4057931781266919,0.49185118028187397,0.171875,0.0778799122954967,1.4999999999999998
0.01115234375,0.5946580377991827,0.5721024275150808,0.07765410084665708,0.05988126422059919,0.30000000000000004,0.3270833333333333,0.08768861748315948,0.04389341120090964,0.04863386101667754,0.03697521134208036,0.07204308460103247,0.06441056282407884,0.3298307063631057,0.3429655575014594,0.3748549227824873,0.125,0.11365445859872611,0.9171974522292996
0.00671875,0.5817784035852713,0.5916818071705425,0.09736681886423726,0.045715335351101116,0.33593749999999994,0.2583333333333333,0.09464283582426673,0.05111675781136472,0.04439124487004104,0.03713761361900096,0.07918566651466788,0.0733983128134975,0.4307170542635659,0.29844961240310075,0.42927823640625223,0.109375,0.0774193548387097,1.3004032258064515
0.00814453125,0.4423311350919265,0.559640620836664,0.06606388591044478,0.10060881123483616,0.2765625,0.41875,0.10264517607004776,0.06285330340741094,0.04050876945502422,0.03509825922747609,0.07283584896788452,0.06491120828827135,0.4756195043964828,0.2853717026378897,0.4081436635905935,0.140625,0.07032633442954718,0.6604477611940298
0.0103515625,0.5765767492138365,0.5253983228511531,0.09048989916048686,0.10985267282318403,0.3171875,0.3875,0.13291868433789722,0.05087882595299375,0.05422863485016648,0.04105327499167085,0.06015168331483537,0.049949438895054876,0.22578616352201258,0.4490566037735849,0.4775524021902494,0.15625,0.084220562529795,0.8185483870967742
0.01091796875,0.6085471638342279,0.5239117471675612,0.10145046483940158,0.13309548721352474,0.459375,0.5208333333333334,0.14479818162709449,0.0839052568688228,0.054847007377787124,0.039092041528381354,0.061083634407847816,0.05088919288645691,0.17561121049493142,0.4388789505068575,0.4913243397124479,0.171875,0.045632653061224486,0.8819999999999999
0.006676432291666667,0.5734565455875182,0.6084765561514708,0.0936364747646818,0.01815877578596923,0.39843750000000006,0.07083333333333341,0.08036225275626403,0.05137546959727309,0.04825575281307062,0.034578123241416014,0.06541811263754649,0.05762468810049618,0.22525597269624573,0.39492930277913213,0.3797290803323557,0.125,0.23656286043829267,5.624999999999995
0.011103515625,0.3170189277338024,0.5981701358350435,0.09693659285105204,0.018569617414458617,0.37812500000000004,0.07708333333333328,0.08547508503849789,0.04935122655164259,0.061893182954800216,0.043067539609800566,0.0635349302429855,0.052307126309920036,0.18733509234828497,0.4834359425388449,0.3112367289353289,0.09375,0.38094706276524476,4.90540540540541
0.005729166666666666,0.37486683238636365,0.5574917140151515,0.11811387643354784,0.07830014729616601,0.3828125,0.3604166666666666,0.1254268691943778,0.06595378197538897,0.048814616755793225,0.03517572623312626,0.0647638146167558,0.056252228163992876,0.26136363636363635,0.4681818181818182,0.4066256761281085,0.140625,0.04152412410050726,1.0621387283236996
0.022926432291666667,0.4334088367883005,0.5025081049742061,0.10850178052421133,0.14569195008034258,0.4703125,0.5458333333333333,0.1663264921722385,0.07303614650852998,0.05776782955124404,0.036981204606982794,0.05912531703012029,0.046764274359466916,0.15760329405083062,0.5016328269203465,0.6190961572659971,0.296875,0.08930790494788364,0.861641221374046
0.015042317708333334,0.47370665169876647,0.5173289511649715,0.09610012652229775,0.1117940735131117,0.35937500000000006,0.42708333333333326,0.13403549520541483,0.06138106560899609,0.05355516800964056,0.04264177234388236,0.06555240144099188,0.05670192768732682,0.2761307076390392,0.46959532568708073,0.5023755266669547,0.171875,0.09800636267232239,0.8414634146341466
0.015693359375,0.5885744010578717,0.5484490596695015,0.14471853773085433,0.1253203403380741,0.678125,0.61875,0.16746203067157142,0.09276373832894572,0.05323848684879469,0.03733522937108731,0.061337042595507395,0.05006039752553168,0.27048330221945655,0.41982991080688653,0.6002951559884594,0.25,0.037401666433924494,1.0959595959595958
0.016360677083333334,0.5772116245523279,0.5374780309059556,0.12511388021324862,0.12127906287294962,0.6296875,0.51875,0.15518906830879767,0.07923665307673793,0.05791999250953864,0.04074704825759424,0.06562658489579676,0.05522108564874417,0.21547950656585754,0.5011937922801433,0.5365968540141138,0.25,0.050086200882936215,1.2138554216867468
0.013343098958333334,0.3745040711149061,0.6391416605676182,0.1066638286914303,0.02694351080642128,0.36406249999999996,0.1875,0.09920680309861965,0.04755139687372222,0.053925156303067705,0.04329793071336867,0.07268630799477635,0.0632349353500854,0.33861917540863623,0.41595511100268356,0.45255899441123953,0.125,0.19546971864568435,1.9416666666666664
0.0149609375,0.4155070305700609,0.5555528357992457,0.1228256972054584,0.09252143073619958,0.47187499999999993,0.4520833333333333,0.13824326458691713,0.06734364733092461,0.05514001945425689,0.03984024841019835,0.07119319442311302,0.061653782487755764,0.2915578764142733,0.4471279373368146,0.5465781735893065,0.1875,0.07013153477584157,1.0437788018433178
0.0078125,0.4356588541666667,0.6394557291666667,0.11372830104271349,0.02573289152390922,0.415625,0.11874999999999991,0.10263163563242417,0.0553448780977668,0.03795588235294118,0.03567184548578051,0.07648202614379085,0.07005718954248366,0.5229166666666667,0.2945833333333333,0.44756179674505225,0.125,0.1582904629996044,3.5000000000000027
0.010973307291666666,0.46514433773361025,0.6098728122218927,0.12770999874898814,0.020675769859080755,0.50625,0.10833333333333339,0.11101449618475397,0.06643126430060976,0.052617190453754924,0.04742384270638571,0.08047068130129535,0.06979833760855277,0.4159003263126669,0.3358053989913972,0.4232425764850839,0.109375,0.20008309591642914,4.673076923076921
0.012542317708333334,0.35357270308850247,0.60872372177524,0.09892006294191526,0.02711807639523907,0.33281249999999996,0.22500000000000003,0.09111195784860436,0.047108173991406675,0.05652636346518883,0.04208107949889645,0.06928138501702263,0.055652076558627604,0.23462237217752402,0.43861925772125615,0.44018866898427284,0.140625,0.16749260998087287,1.4791666666666663
0.011129557291666667,0.42264185434337526,0.5882586282538754,0.16812915593270386,0.0361559065188293,0.625,0.23125,0.14408515177594694,0.09388360713428148,0.05154127167099656,0.038803531314018244,0.06257075512275691,0.05070511386771732,0.24334600760456274,0.45276396607195085,0.4946648371191522,0.15625,0.07700450450450451,2.7027027027027026
0.0076725260416666665,0.52306626537972,0.6202826686465847,0.18987095691694317,0.019532670120297826,0.6609375,0.08958333333333335,0.15950300960069747,0.10483937910396016,0.04249170181437021,0.03532803623489055,0.06638548503830892,0.05574217807615197,0.3411115825201527,0.38820534577853205,0.5630538543780435,0.1875,0.12958381439331462,7.3779069767441845
0.008714192708333334,0.6564671273813971,0.5949406985431454,0.12109584012979,0.042147863266026306,0.38749999999999996,0.23124999999999996,0.11362690545601449,0.05941019467331554,0.050165901250302146,0.03679386117131466,0.06457623766727459,0.0539966453522014,0.26821068360104594,0.41837878221890173,0.4219351869984707,0.109375,0.0972464399883755,1.6756756756756759
0.03134765625,0.46307989356178614,0.5848059449636552,0.14464771334416626,0.07082048376105252,0.7078125,0.53125,0.13694134984509163,0.08476773323883226,0.08229063588052044,0.053313623772557085,0.07712133243744018,0.06040966750147619,0.09792315680166147,0.6095534787123572,0.5266069894536889,0.234375,0.08336579664978576,1.3323529411764705
0.013597005208333334,0.5511547611922432,0.5879917803846462,0.1818577250757619,0.03652691288395793,0.665625,0.27499999999999997,0.15475916472992324,0.10225482123919698,0.057036901425640885,0.04090841810364654,0.06976204894215286,0.05728100193872138,0.25568589897055305,0.47234857553267895,0.4875766084695647,0.1875,0.07428154787309717,2.420454545454546
0.014762369791666667,0.6630061328555676,0.5533889195148841,0.13483866561567662,0.07617057185564603,0.40781249999999997,0.4000000000000001,0.14474138414276866,0.05507588835659269,0.059660591910413556,0.05651062142210897,0.0815565211751735,0.07234018635017403,0.343109151047409,0.34597574421168686,0.471917280579179,0.15625,0.09049728607918263,1.0195312499999998
0.011533203125,0.4885685683036974,0.4794042242920312,0.1462923296275848,0.13479882380951722,0.5734375,0.50625,0.17548356009675425,0.09368932033088953,0.0543219715207562,0.039340037486885096,0.06900211961725136,0.058674104696916876,0.2548687552921253,0.4679650014112334,0.5285385975646811,0.234375,0.0397281932250143,1.1327160493827162
0.009381510416666667,0.40630963740458015,0.5478942574600971,0.10122259773009529,0.037912714197733545,0.34531249999999997,0.24999999999999994,0.09577868817758174,0.05009821433992715,0.05145119810589051,0.04096755491840353,0.07846947245240914,0.07118694806166741,0.3535739070090215,0.3747397640527412,0.34724216747329534,0.09375,0.10867269984917047,1.38125
0.005869140625,0.545905262063228,0.5126409687557775,0.038532094913451824,0.11433687448504963,0.15312500000000007,0.45833333333333337,0.10487755383767773,0.059651839086940654,0.04603438713255685,0.036552176158196635,0.07922308135678008,0.06357160723413048,0.3771491957848031,0.39267886855241263,0.35726476323562123,0.109375,0.08362708719851572,0.3340909090909092
0.0076302083333333335,0.6289529116894198,0.5321476820250284,0.09884626848500587,0.06558919586757365,0.33281249999999996,0.3125,0.10481425128083724,0.05555627900068823,0.039319413772334874,0.0332142730099517,0.07862711637556047,0.07237335207120392,0.45947098976109213,0.31868600682593856,0.3358696692106164,0.078125,0.07336463223787168,1.065
0.011334635416666667,0.4011402390867317,0.5920531782500479,0.10266219376646775,0.034123689191416076,0.340625,0.22708333333333336,0.0976695341339179,0.04652541558158919,0.05710601299681274,0.04574836191259234,0.08725884380173665,0.07611131758849432,0.38512349224583575,0.26680068925904654,0.42282836834739307,0.125,0.1465364868277081,1.4999999999999998
0.014072265625,0.39144257460097154,0.563929851954661,0.11797914189824828,0.07421267413079516,0.44999999999999996,0.4041666666666666,0.12255108309503061,0.06639149762526446,0.051272491416182474,0.03779363273018981,0.06247930585604586,0.05524304563370571,0.2701827434651862,0.3758963682627805,0.4442026870028619,0.15625,0.0773732817869416,1.1134020618556701
0.006878255208333333,0.4954145468528159,0.5935192853762422,0.06033860096731631,0.07440118707200527,0.26250000000000007,0.32916666666666666,0.07845854022138482,0.0549594475112868,0.04563904122936444,0.03971344467141446,0.08365394430370349,0.07330530887224743,0.4202555608140085,0.24467581637482252,0.3484378603927318,0.09375,0.07960367691380348,0.79746835443038
0.006318359375,0.6253236089644514,0.5354703331616005,0.08492080242403167,0.09134410887115675,0.33125000000000004,0.36874999999999997,0.11155138108831004,0.05578152281085367,0.037486236122475786,0.03447413665909737,0.0676809002838642,0.0629451162226869,0.3972179289026275,0.30551262235960847,0.39236092816177104,0.109375,0.051726894787336095,0.8983050847457629
0.012802734375,0.38928100368675317,0.5571547376896346,0.09899110059688616,0.06120804499318002,0.3703125,0.39375000000000004,0.10525528136140219,0.049668788135025496,0.05734384269853378,0.043096674820645504,0.07005977575367803,0.055146248685082985,0.262140859394864,0.43859649122807015,0.4169557263670566,0.15625,0.0878038979304802,0.9404761904761904
0.014895833333333334,0.38106868717220277,0.5356643356643356,0.10044323356831172,0.0903964328736091,0.3234375,0.49583333333333335,0.11676138114595881,0.0680230704894999,0.05304829973947621,0.03880668145287551,0.06511295077471549,0.04956722199369258,0.26507867132867136,0.4093094405594406,0.423915929781712,0.203125,0.09288353022368367,0.6523109243697478
0.014498697916666666,0.47775033677593176,0.574528045951205,0.12109534879287957,0.05552797109396567,0.6140625,0.4229166666666667,0.11044692764828354,0.0744910413817411,0.07160164469919086,0.0510895052268387,0.07831779321517562,0.06275654401859532,0.21396497530309833,0.4968567579703637,0.45625929239723695,0.1875,0.05582922824302134,1.4519704433497533
0.015729166666666666,0.6898589481581126,0.4959316363134659,0.13507002709535945,0.1144877782762272,0.4171875,0.4291666666666667,0.16698965022570475,0.058871218024298455,0.045778957278275544,0.03367834773712037,0.0657950266199195,0.05497256849759771,0.3708609271523179,0.32471026490066224,0.5589022652594596,0.28125,0.08785135085996872,0.9720873786407767
0.015403645833333333,0.44459894072273876,0.6023184347703578,0.14559672920289948,0.027799451723092995,0.6125,0.13124999999999998,0.12170071590121358,0.08461768621168464,0.062295924286874506,0.04306720465842088,0.06981419786849652,0.059009165796496114,0.21111580726965343,0.510777683854607,0.5163762251531329,0.171875,0.19160997732426305,4.666666666666668
0.011751302083333333,0.42464508310249305,0.5715171975992613,0.11520364209588699,0.033365491506864645,0.46875,0.17500000000000004,0.10568247074291924,0.05671287819643699,0.05067731247623703,0.039634687196874206,0.0694986692738037,0.0570800065178426,0.30831024930747924,0.4390581717451524,0.3997938290339093,0.15625,0.14325396825396822,2.678571428571428
0.020247395833333334,0.37488017483922825,0.6110553992497321,0.10753480465969112,0.0647825446952176,0.38437499999999997,0.45208333333333334,0.11547306654641361,0.04925934645073286,0.06403568501355525,0.04758197877814535,0.0767082781665721,0.06584137191854234,0.2347266881028939,0.35884244372990354,0.4852126402682623,0.203125,0.1165186767075044,0.8502304147465437
0.016813151041666665,0.3775937802516941,0.588054211035818,0.11917120242741837,0.0334789354733693,0.43125,0.2333333333333334,0.1125295918092703,0.051572333432430194,0.06693620332934723,0.04862433425396848,0.07826509500218287,0.06321735664256022,0.24162633107454018,0.3841239109390126,0.4264376686180578,0.15625,0.1670872153209109,1.8482142857142854
0.017932942708333333,0.5087476175349429,0.5687568070430206,0.13598849244569708,0.10297136684329831,0.66875,0.5020833333333333,0.14530959887974396,0.08933696290247636,0.05031908570289615,0.03734766721574198,0.06477030456401112,0.056279385960229064,0.275186059175894,0.34470865855872207,0.5264904054849838,0.1875,0.05340869430333114,1.3319502074688796
0.008798828125,0.636530591009989,0.576701812800592,0.13071230122217695,0.061292366958216174,0.375,0.33541666666666664,0.13066807109555542,0.061386603866842325,0.0478582257912414,0.04175419206710611,0.07262373687913938,0.06131603954937506,0.3988161302256752,0.34406215316315203,0.40124782953270255,0.140625,0.06995341614906833,1.1180124223602486
0.025354817708333335,0.42790172839902424,0.5118738498737536,0.09160007208756232,0.10023191117159017,0.35468750000000004,0.45,0.12442741127163552,0.054358334667237794,0.06009027311014276,0.04182128913605006,0.06355267232069359,0.05332709024038425,0.20631660033380408,0.4891513673128771,0.5377921594531361,0.1875,0.1588554413444281,0.7881944444444445
0.02396484375,0.4028597018473241,0.5462337566784388,0.10795554270618798,0.10020361547457497,0.4140625,0.4833333333333333,0.13495216648454733,0.059017594972102,0.06076034325710725,0.04097675806606727,0.061568947057225494,0.046931513708444526,0.1969573485465906,0.5248573757131214,0.5891893827588297,0.25,0.1197462589459987,0.8566810344827587
0.029423828125,0.5514561898440093,0.524740015488439,0.17090537933817226,0.12524197093984138,0.6921875,0.7062499999999999,0.19049013713757917,0.09277773237650783,0.06580070240287729,0.042483903583366275,0.06065480955077019,0.04473946232990375,0.14127668989932515,0.5620090717999778,0.6838964361112385,0.421875,0.06018897700713159,0.9800884955752213
0.01697265625,0.3825577771384734,0.563510101010101,0.11221151740424862,0.11981730143205202,0.434375,0.5958333333333333,0.1402169469644492,0.08536286162372983,0.0645810299570538,0.04700408148871785,0.06748422422286905,0.049898839474416534,0.19524357499041042,0.5191791331031838,0.5747352071694299,0.265625,0.06557830658550083,0.7290209790209791
0.012360026041666666,0.33062368317092444,0.5389452199104555,0.1138274521928094,0.13292762301888655,0.41093749999999996,0.5479166666666666,0.14639032626874626,0.09589741502818276,0.046288349419304195,0.038756258479618645,0.061569763538810315,0.05281982163421071,0.3363181459046616,0.35949433763497496,0.5165153071335491,0.203125,0.05489453367838194,0.75
0.016529947916666666,0.45100494781410005,0.5279789451227517,0.13903346845536282,0.13437834901193932,0.665625,0.5875,0.15877917901783334,0.11034952806571391,0.06504799635490272,0.0554080785523867,0.07005537149873735,0.05807520329912193,0.20618353682552185,0.4419062623079953,0.5386543586031064,0.296875,0.042270169480238394,1.1329787234042552
0.018134765625,0.5278072271584994,0.5648667953090408,0.16128538583787486,0.0926717625220958,0.73125,0.4666666666666667,0.15971364856909584,0.09535502983362347,0.05748325537359083,0.04122419321792008,0.061106359614389635,0.048270279212025854,0.21234966792317359,0.45395799676898224,0.5591061973393074,0.21875,0.05314217032967033,1.5669642857142856
0.01892578125,0.4223630460956312,0.6179613146428162,0.1607593217009574,0.028697781865730115,0.746875,0.17500000000000004,0.13604818824967996,0.09032171760847214,0.06194648482027829,0.044756543325990605,0.06836574327013227,0.05395090956919403,0.21018231854145167,0.4324045407636739,0.5415750382371384,0.1875,0.1447997609085475,4.2678571428571415
0.016022135416666666,0.4611406694433157,0.597707571447921,0.18894258672980307,0.03920619023636074,0.715625,0.2583333333333333,0.16491480516035356,0.10019747238289747,0.05990152257571049,0.040589779914008826,0.06615914142983484,0.051431348646732156,0.17777326290125964,0.5002031694433158,0.5555159721397057,0.203125,0.08666713621636851,2.770161290322581
0.008997395833333333,0.3575117583212735,0.5650725096478534,0.1489145509079345,0.09220935039276763,0.46875,0.46041666666666664,0.16154308903798215,0.0676900151871351,0.05078175988195568,0.03907290120791381,0.07126216622683805,0.05775942793904827,0.2865412445730825,0.40665701881331406,0.44708360365442945,0.109375,0.041689291101055806,1.0180995475113124
0.014680989583333333,0.5569785892461198,0.568894586104952,0.1409971908079283,0.07047347612818922,0.6734375,0.4208333333333334,0.1299108454504068,0.08927424537725494,0.056024520673014215,0.043124583539236094,0.06567540541715577,0.055488022259901744,0.2518847006651885,0.4445676274944568,0.5192277608980531,0.21875,0.0518021639750982,1.600247524752475
0.026695963541666666,0.42683685678575783,0.600514164939235,0.1371845057138363,0.13221210053128457,0.5921875,0.6645833333333333,0.1726206173128618,0.08063343359531827,0.051602028447032995,0.03746124925377648,0.06232955808832496,0.05515587529976019,0.29020851115717594,0.4026338251432752,0.6315554521194136,0.3125,0.06783235870671046,0.8910658307210031
0.020647786458333334,0.4693761824058017,0.6500732434704923,0.08933489306988825,0.10560705732081847,0.41718749999999993,0.5854166666666667,0.1176145253393705,0.07280382616982141,0.05982509667906261,0.042245892265078064,0.07342106320693184,0.06712911871354249,0.2862998581113038,0.37710862367964687,0.5269213471342624,0.234375,0.08454289789009291,0.7126334519572952
0.022216796875,0.5569837454212454,0.5276932234432234,0.14547487990771193,0.16401151048539672,0.6781250000000001,0.6520833333333333,0.19727757853741962,0.09562569352572996,0.05196925949867126,0.03685528785044173,0.06357882640235582,0.051934209581268403,0.306959706959707,0.40263736263736266,0.66860827470905,0.40625,0.050242193136143455,1.0399361022364217
0.02080729166666667,0.4913519829474343,0.5430303504380476,0.07968082847222048,0.1338293171801015,0.49062500000000003,0.6416666666666666,0.13619471653519685,0.07556665766599058,0.05932170114604039,0.04488340875798164,0.06816240889346976,0.056233281798326346,0.23717146433041303,0.41254693366708384,0.5538748198153465,0.265625,0.06609314252626355,0.7646103896103897
0.016402994791666667,0.40629558196070653,0.5727190414764834,0.11800781165274014,0.10324588346258029,0.38749999999999996,0.42500000000000004,0.13978313237932843,0.07103683527058653,0.04328979061360603,0.03423367042823885,0.06388444641599446,0.054893400106619354,0.38698154395713436,0.2698948204008732,0.5519006093511888,0.171875,0.0996007273877293,0.9117647058823527
0.014085286458333334,0.43998656690547727,0.628747303751637,0.1316518609041336,0.04633884610362776,0.4609375,0.30624999999999997,0.12427590642716992,0.0635216515799326,0.04646700834250964,0.035356971819927696,0.07422794400866425,0.0654422527041785,0.43794776981742545,0.23827131962098452,0.47635650227541154,0.140625,0.09978092932088091,1.5051020408163267
0.012076822916666667,0.6332964117250673,0.5311376909254268,0.13110767925971853,0.11052666003772414,0.4203125,0.4312500000000001,0.1559441046423649,0.07132182251776112,0.05845991226679351,0.05438681448191678,0.07865440515828973,0.06868135933618731,0.2784366576819407,0.33423180592991913,0.4846311478515284,0.171875,0.06662715730115115,0.9746376811594201
0.011204427083333333,0.4266923300406741,0.5357344325004842,0.098668169247081,0.12464475212717555,0.375,0.4520833333333334,0.14357575369262532,0.06824752601384346,0.043850474530311837,0.03362344731455147,0.07033872235704275,0.06045390846634994,0.3904706565950029,0.37332945961650205,0.5796195362914938,0.21875,0.06609062980030721,0.8294930875576035
0.019248046875,0.39786460975816,0.5725942837814983,0.11425342808580362,0.08650625048560738,0.4203125,0.47916666666666663,0.13253594268633925,0.05451055951538141,0.05336065764036039,0.04157744575390267,0.06682451096454141,0.057723261805990786,0.3287671232876712,0.4067309318450871,0.538357784144014,0.21875,0.09557135930176176,0.8771739130434782
0.01970703125,0.4372612632144037,0.5302812878537606,0.11722402261611274,0.1317797033043379,0.53125,0.55625,0.15624745119853495,0.08181745336567052,0.054057923136218475,0.03803720208023058,0.0642375483394547,0.05374375716589907,0.2614800132144037,0.433597621407334,0.6235028634309544,0.3125,0.06668869795109054,0.9550561797752809
0.01909830729166667,0.6026118011760695,0.5547618033066304,0.1301659568171375,0.12768162610624714,0.5296875000000001,0.6666666666666666,0.16510754095795063,0.07736455181848499,0.05350966021315634,0.03633985665017167,0.06156535223600264,0.051886089359896,0.23027100732912903,0.42543037327424577,0.6362328008360557,0.34375,0.05408370206489676,0.7945312500000001
0.014287109375,0.6437848883572567,0.5707583352320195,0.1070749400413239,0.0695203004676519,0.35,0.3625,0.11557137257004764,0.05423442453129699,0.0579621960426914,0.040970237263226815,0.06877800562011088,0.056905186316951024,0.21462747778537253,0.4910002278423331,0.45564421578141256,0.171875,0.11260775862068967,0.9655172413793103
0.01435546875,0.5959272250566894,0.5350080309901739,0.11411454333245176,0.12214208736647209,0.4703125,0.5354166666666667,0.1407892303304524,0.09010666528715693,0.061368547418967585,0.04249728884968332,0.07339913743275088,0.06197856920545996,0.22086167800453516,0.47505668934240364,0.4538676369681157,0.171875,0.057008415528006506,0.8784046692607005
0.025921223958333333,0.46333432751475573,0.45923542216082713,0.1521289447415173,0.14628667622141198,0.70625,0.5354166666666667,0.189896227866801,0.09210010917493987,0.05715798312292391,0.03653777143066883,0.057285533829254415,0.04717258497019303,0.16061785759136005,0.5177696847921638,0.6789778004951016,0.421875,0.0685496367204986,1.3190661478599224
0.018050130208333334,0.580057484220018,0.47749248572287345,0.11456053011189526,0.12072806534144823,0.4625,0.5145833333333333,0.15333907573687539,0.06470323541190381,0.05730228610831167,0.03737524647184402,0.06170759737619123,0.051531321275128626,0.16519386834986474,0.5296663660955816,0.5376364103548019,0.234375,0.07584254294780611,0.8987854251012147
0.021891276041666668,0.6320299721189592,0.6040898389095415,0.10584907760380513,0.05717445543248586,0.478125,0.3520833333333333,0.10598381468206916,0.056924305959884076,0.06636110503681025,0.04559070489480172,0.06993162766965523,0.05579706975727094,0.18780669144981413,0.5173234200743494,0.49884165125480207,0.1875,0.13004215492903276,1.3579881656804735
0.013365885416666667,0.6098149050170482,0.5881722885208638,0.10764654627446482,0.059966101026326615,0.36718750000000006,0.3375,0.1100729304883806,0.05538648003637925,0.05602418268817513,0.04508160275013986,0.07964910270001814,0.06840778201197674,0.355820750121773,0.32537749634680957,0.47269237134568926,0.140625,0.10785395324402414,1.087962962962963
0.0091015625,0.48670757331902714,0.6254992250834526,0.14632800310949667,0.032045380065146296,0.6140625,0.16249999999999998,0.11824357382796419,0.09196329771122456,0.04174170383460966,0.032691202270408365,0.08072596706779994,0.07572161911975091,0.4470672389127325,0.25643776824034337,0.48606055765133965,0.171875,0.09121158739479353,3.778846153846154
0.012854817708333334,0.2910036559888579,0.5822950958048452,0.11978293573029664,0.05565921791849254,0.38593750000000004,0.35833333333333334,0.1198243791115154,0.05556994153322865,0.04895059061862274,0.037134221756607445,0.06855048932715654,0.05491089826662496,0.3524943023550266,0.38465434287161304,0.41347041338093077,0.15625,0.09295264099425665,1.0770348837209303
0.012952473958333334,0.5991384455893441,0.5764367093909692,0.10894264526188283,0.0931520043215896,0.446875,0.38749999999999996,0.13023582519090152,0.05987007351449324,0.05263712924224729,0.03828323556357872,0.06437719596509123,0.0548073464117992,0.2176426237748178,0.44860517718019605,0.5377691341169346,0.171875,0.07479885705692157,1.153225806451613
0.0192578125,0.5078671716531441,0.5733145988280369,0.16114934145277277,0.07829696704174754,0.6921875,0.3666666666666667,0.15017667211473182,0.09770615359916274,0.05780999350382479,0.03870270710565203,0.059883466571212664,0.04800275756008962,0.1896551724137931,0.46974306964164975,0.6341520040058224,0.3125,0.07587728298789247,1.8877840909090906
0.017669270833333334,0.546528993183493,0.553510347580447,0.1879926617387223,0.117169942403481,0.6875,0.5354166666666667,0.1956095103658531,0.10395650881438802,0.055353504703281466,0.03506584284519213,0.05906483448206107,0.04544121259410175,0.15383198231392778,0.47697126013264557,0.6249651988172112,0.3125,0.04800141492748497,1.284046692607004
0.015120442708333333,0.5295701022604952,0.5885033189809831,0.1605536924925682,0.05883672664172813,0.6203125,0.33749999999999997,0.15052533719704625,0.08112565214916377,0.05400282825724478,0.03919182110460523,0.06213385677198759,0.05322780134658815,0.226264800861141,0.44520990312163616,0.564376130750463,0.203125,0.07222377709363435,1.8379629629629632
0.026507161458333334,0.5994145661918211,0.5747618097343321,0.13201668440870087,0.07139980283864857,0.625,0.45416666666666666,0.1294137991609359,0.07601582331592127,0.08043477737404676,0.060132996146465355,0.08612184650355291,0.07011338982357035,0.1951369274223259,0.4778337222153997,0.49789204774012125,0.25,0.09338302752293577,1.3761467889908257
0.018841145833333333,0.6333402621803732,0.5566977654918221,0.12072903251507443,0.06980800512320168,0.5734375,0.37083333333333335,0.124027776610204,0.06376337115018446,0.06736046180739054,0.04784532853432616,0.07450235104408039,0.06231892895375152,0.23082239115411196,0.5091568762957844,0.4561714174000292,0.203125,0.08860178183265467,1.5463483146067416
0.0128515625,0.4829902007345492,0.582849438534279,0.18210241513153563,0.028163963858429484,0.696875,0.13124999999999998,0.15371911575881855,0.10161167210160454,0.05387686989689493,0.03828698679086009,0.062465979299521225,0.05076583825019369,0.22441742654508612,0.46479229989868287,0.4470329090280526,0.125,0.14050822122571005,5.30952380952381
0.010559895833333333,0.5635259324907521,0.4987393392930538,0.08718856727620053,0.10860740324650588,0.37031249999999993,0.35416666666666663,0.12661445763521223,0.05801890572362364,0.04959623800198255,0.03870909349746705,0.06886801576364208,0.05543265394937259,0.3070283600493218,0.39858199753390877,0.41348370406613916,0.140625,0.08051625713576573,1.0455882352941175
0.0119140625,0.5740232240437159,0.5248929872495446,0.10146462315407359,0.08842014149749133,0.46875,0.4395833333333333,0.11871423760410751,0.06340442385441304,0.060497160612879027,0.04212229381383995,0.07852566163077251,0.06656916318439944,0.26229508196721313,0.45027322404371584,0.4238715138470279,0.15625,0.057819905213270135,1.066350710900474
0.012457682291666666,0.628484697543768,0.5212154864558837,0.08612807273343562,0.07116583398773765,0.30468750000000006,0.38958333333333334,0.09989922428926255,0.05002765061793156,0.05086050098116068,0.036865890120323395,0.06278608647535314,0.05614595982108548,0.28821531225503005,0.45727724065847924,0.4265622218707016,0.171875,0.10494995200877551,0.7820855614973263
0.015302734375,0.5925703972559029,0.49724305112387435,0.0962485408188144,0.11089433667214271,0.353125,0.5187499999999999,0.13197556507142172,0.06437224355096262,0.05892363326951713,0.043208479786389926,0.07695984584005905,0.06915841852588728,0.25207402680280794,0.40246756009359713,0.46533867481293384,0.21875,0.08353769058535025,0.6807228915662652
0.011988932291666667,0.4336618415693728,0.4876029504932573,0.08971610131792686,0.11480478689597397,0.35625,0.48958333333333337,0.12518452889425102,0.07455167104393401,0.05040115421677767,0.036612909079149325,0.0683649837887911,0.06095840454020327,0.2647298398045072,0.3923431984795004,0.470719862903126,0.171875,0.06873833519970138,0.727659574468085
0.025677083333333333,0.5470586254437119,0.5189182407876943,0.1796603137459976,0.09007268289422544,0.7734375,0.41875,0.17437255026980544,0.09992562359814501,0.05806984051226981,0.03688957539771716,0.05561637433878217,0.04017420355566161,0.1546653144016227,0.5001267748478702,0.6112416659828446,0.28125,0.07928036584753002,1.8470149253731343
0.018343098958333335,0.6111024844720497,0.5273473084886128,0.1178530001115717,0.11835680625906554,0.5125,0.5958333333333334,0.14636082943245204,0.08047465955807935,0.05471753918958889,0.04158418245242177,0.05802738486699028,0.0465271325921673,0.23513753327417924,0.4264418811002662,0.5761225547350712,0.28125,0.060069503667064636,0.8601398601398599
0.009635416666666667,0.6422313133445946,0.5390822072072072,0.1360427322591099,0.0876531225281481,0.46875,0.3583333333333333,0.14878476476486713,0.06366936989888901,0.04731717011128776,0.035346642429840223,0.06045972443031266,0.04619104398516163,0.27635135135135136,0.41824324324324325,0.5552088566626538,0.203125,0.05736434108527133,1.308139534883721
0.0038346354166666667,0.42907072368421045,0.5442840973401246,0.062406874450780324,0.046109221418619825,0.18125000000000002,0.20625,0.0712432995021154,0.03074199984709275,0.03919238323512767,0.043313175869850465,0.09161090582243082,0.08478977329471686,0.4685908319185059,0.26825127334465193,0.25501768195879393,0.078125,0.10257749912922326,0.8787878787878789
0.016110026041666666,0.5810839310971914,0.5498981275678588,0.11437554417327117,0.06459972947153143,0.43593750000000003,0.4083333333333333,0.11731667666454382,0.05909050286732912,0.05463175369157564,0.03870304287102976,0.06533147912630399,0.053623825767930934,0.23277429783794706,0.38512830874924225,0.44239961990610266,0.203125,0.09050179211469533,1.0676020408163267
0.009329427083333333,0.529065989183531,0.5170591998139102,0.0570799675722482,0.09549348551414912,0.29375,0.38125,0.09944541348923176,0.049877231375103706,0.045429169574319604,0.03894010320584329,0.07799214591628695,0.07277479030691132,0.41486392184228893,0.27808792742498256,0.45516269198915466,0.140625,0.08330426694570399,0.7704918032786886
0.017096354166666668,0.49690147800837775,0.5218809501142422,0.16759792320569175,0.11187423574255267,0.7140625,0.5499999999999999,0.17340516417273408,0.10264286397050866,0.05080044203515374,0.037666172939188274,0.0612972835745113,0.051646431611486944,0.3017897943640518,0.40765422696115766,0.5799505762432874,0.28125,0.04353159604800743,1.2982954545454548
0.016276041666666668,0.481825,0.4802458333333333,0.1292719186262527,0.09737553656605841,0.696875,0.4208333333333334,0.13939864141810399,0.08222677688944849,0.053320000000000006,0.04077825528907995,0.06125411764705882,0.04990823529411765,0.2484,0.4526,0.5663276008154623,0.28125,0.05549882342494338,1.6559405940594059
0.016018880208333332,0.4012989610851453,0.5496435345119556,0.10744944795542499,0.13000205899479694,0.42968750000000006,0.4833333333333333,0.15073723738909864,0.07565847257984246,0.07025831669794519,0.05527770124545745,0.07038741527905615,0.054582401950823006,0.14935988620199148,0.5539524486892908,0.6047681806545909,0.234375,0.07713166144200627,0.8890086206896554
0.007799479166666666,0.3739115974540902,0.6175813856427379,0.09990515393222835,0.025200418286451923,0.35,0.10624999999999996,0.09195450274926216,0.046480859374266305,0.040405577923990965,0.034845388686126626,0.07519231398736456,0.0703558217944941,0.3981636060100167,0.3226210350584307,0.46012475721658447,0.125,0.20973389355742306,3.2941176470588247
0.012698567708333334,0.5235023872084081,0.6007973382893276,0.15569136243530587,0.10038749102540277,0.6656249999999999,0.3770833333333334,0.1586336125185813,0.09567040122546626,0.04968157988650472,0.03408223634325281,0.06394036722610089,0.05588009107770255,0.2760830556267624,0.4393745193540118,0.5857037537016142,0.234375,0.050592690581796496,1.7651933701657454
0.017711588541666667,0.6675025271089873,0.5734676530049624,0.11296931984481291,0.13641763564421389,0.4421875,0.6270833333333333,0.15591645718331876,0.08403509338579605,0.05616542518496096,0.03689690528602168,0.06727353319567121,0.0554547715061029,0.24903510384120567,0.46425289468847636,0.5491432499883404,0.234375,0.06387424720895014,0.7051495016611296
0.029309895833333332,0.3294789121501555,0.5387512957204205,0.13271377916457258,0.14619940053073252,0.5796875,0.7666666666666666,0.1751023980260804,0.09124890191780176,0.06413750751300076,0.040796021669410376,0.06023074711892753,0.04722302070539455,0.10872945357618836,0.5388716126166149,0.6594176021459794,0.390625,0.06594984179069495,0.7561141304347827
0.01900390625,0.36215179642000683,0.5732646026036314,0.10809314259905911,0.10129299617103919,0.4453125,0.45416666666666666,0.12993757505975584,0.0711380709454298,0.06422492258294205,0.04110098149842586,0.06252880048902054,0.048955793348514465,0.144741349777321,0.5433367591640973,0.5248022561676345,0.1875,0.09396426846933849,0.9805045871559633
0.023125,0.6023400109093469,0.5748938391516516,0.18616734986107492,0.07788069265205348,0.7640625,0.4625,0.17302969320756215,0.10384801255082551,0.05889915650945062,0.03806729013010755,0.058155582052640875,0.04451013513513513,0.15315315315315314,0.5076013513513513,0.6023590271443302,0.3125,0.06543967280163598,1.652027027027027
0.017825520833333334,0.45981812682615053,0.6055899226929633,0.12048411757895378,0.07177593964542517,0.540625,0.42291666666666666,0.12378191476560436,0.06592606220398374,0.06117031180624185,0.0408904870409338,0.06716151763846517,0.05472650711124479,0.18407596785975164,0.5268444119795471,0.5676147708289241,0.234375,0.07796349554372277,1.2783251231527095
0.011708984375,0.40512232415902144,0.5917998795292373,0.09804575396253183,0.08034263758334606,0.32031250000000006,0.4166666666666667,0.11418483387588868,0.05504301042517498,0.0544418823965505,0.04245489713664299,0.07496007021101463,0.06306017541851325,0.3177648040033361,0.40978593272171254,0.5347291992222699,0.1875,0.08773170731707317,0.76875
0.017109375,0.49612109969558604,0.6041412988330797,0.1608914676393177,0.06104194927209412,0.69375,0.3229166666666667,0.13966688912421896,0.10052534015079807,0.05232041066045901,0.03662800955119744,0.05897200584952399,0.04910093413316621,0.23820395738203956,0.4469178082191781,0.5931181320519795,0.265625,0.07637314734088928,2.148387096774193
0.014326171875,0.6240073278800273,0.629280277209725,0.12254887319926641,0.04626279297910994,0.5015624999999999,0.3354166666666667,0.11137869336611297,0.06894388298243175,0.05621449670529425,0.04357204879516749,0.07161384890243304,0.061598299851638005,0.27607361963190186,0.4189956827993638,0.46400480813970224,0.15625,0.08515702095547688,1.495341614906832
0.018821614583333333,0.38537838334486335,0.6170352674968292,0.11400908205425699,0.03297473906935666,0.475,0.18541666666666673,0.10099388192052305,0.06233490211887641,0.07822857956742017,0.05575188775538471,0.08020157215428544,0.06552994078987527,0.16170875129712903,0.5748875821515047,0.4669120509096463,0.171875,0.2137049083382613,2.561797752808988
0.011917317708333333,0.36343809751434036,0.596198670672858,0.09566280622800952,0.030703714363514274,0.35625,0.15416666666666667,0.08992003038582601,0.044816054116199225,0.0536133382607345,0.04477039452017429,0.07438554771813125,0.06924391171382512,0.3264135482108714,0.3791313848675225,0.41136268237685264,0.109375,0.21698672356567092,2.310810810810811
0.012822265625,0.3839814991114496,0.5980827409664043,0.1374447569088472,0.02302627058185891,0.584375,0.10833333333333339,0.11468734140340991,0.07917123253088071,0.061507598723673264,0.05061931877755526,0.07644818780520586,0.06483082697410013,0.2894135567402894,0.4358974358974359,0.4110477852415875,0.171875,0.20254010695187158,5.3942307692307665
0.014990234375,0.5102867128121608,0.5534106948968512,0.15146300572888813,0.10622392419766116,0.6375,0.5333333333333333,0.1594310075178649,0.09384198430456465,0.05145983692065317,0.03569704027370992,0.06317600221413212,0.0539405164888974,0.23778501628664495,0.43800217155266014,0.5573886616117223,0.203125,0.04408892463235294,1.1953125
0.021201171875,0.4086161810993398,0.5298627104764829,0.16481679961724016,0.13937689117375465,0.675,0.60625,0.1920274374548961,0.09856956170053778,0.062179110858223224,0.040770192079479815,0.06801660630473592,0.052808410328663936,0.22048211269768156,0.4844157838169814,0.6095336012357444,0.3125,0.05180889652539137,1.1134020618556704
0.019739583333333335,0.4647906703496042,0.5378617661609498,0.15894085034085004,0.12523677366898875,0.703125,0.5166666666666667,0.18260440425281088,0.08718987861882832,0.050947410626519724,0.03647570620482347,0.06554206115163742,0.05172474002793729,0.2859498680738786,0.3870382585751979,0.6266059801786567,0.265625,0.05433691756272401,1.3608870967741935
0.027132161458333335,0.5378213107378524,0.5768138872225554,0.2174933680995599,0.09210249373425998,0.7734375,0.4854166666666666,0.20461738985223782,0.11797439675377613,0.054862909770986984,0.03700949675658428,0.06291118246938847,0.05497112342237435,0.22579484103179365,0.420995800839832,0.6497674699796901,0.359375,0.07226774179563882,1.5933476394849788
0.023284505208333334,0.5589898906053404,0.4797969383475465,0.08268422898103141,0.18464362116777155,0.42343749999999997,0.7374999999999999,0.18192693586476633,0.08850163030697439,0.06229992626157131,0.040094157161895634,0.06763431221782716,0.056184844971121396,0.2192087236124703,0.4350622116594436,0.5942604257792367,0.359375,0.07456167782016804,0.5741525423728814
0.02091796875,0.46516568432928723,0.5535526247536051,0.13707510775758566,0.11130398201322005,0.609375,0.5625,0.15568606498790233,0.08330672690326746,0.05780377510481317,0.03941596689397003,0.06062503432745647,0.04765688410440429,0.1893868658574541,0.49968876439464677,0.6369330354586861,0.3125,0.06102564102564103,1.0833333333333333
0.021643880208333334,0.3916855448187697,0.5115136361357597,0.12227716749132934,0.13573324846559753,0.4734375,0.5395833333333333,0.17074716546256816,0.06496634448100501,0.0612989127069086,0.04105562356774333,0.057558412145125755,0.04615820158714711,0.16453602045420365,0.5445931719055497,0.6363020046598399,0.296875,0.08472546096308474,0.8774131274131275
0.015504557291666667,0.5520440767373505,0.5593332283574778,0.20034197294170625,0.09750069028104244,0.715625,0.4666666666666667,0.19733334254738258,0.10345454386605009,0.04765162836077114,0.03436694131860817,0.061524908094667645,0.052018623951785206,0.2828049548603821,0.4205332773462104,0.6249571152802628,0.28125,0.046426621958827206,1.5334821428571428
0.019625651041666668,0.653765394344004,0.5471374467849837,0.13239389905911264,0.09765715347815632,0.4078125,0.44166666666666665,0.1521568793100949,0.0625567599236398,0.05395100153181193,0.03706731284759272,0.06054397210866433,0.04931653869044716,0.22424946093879583,0.4154917896831979,0.5379095210243092,0.21875,0.10896045687847901,0.9233490566037736
0.017828776041666668,0.4899212045828008,0.536509874627229,0.12606886750255641,0.12824800624278226,0.5875,0.5145833333333333,0.1612613752711824,0.07959698049720686,0.052532694655368084,0.03723132563655189,0.06543799919091244,0.051673486630365126,0.28391455176191344,0.4046010589738908,0.6212142880829034,0.265625,0.05897364114049445,1.1417004048582997
0.010494791666666666,0.4317482165012407,0.5789760390818859,0.08843980663590452,0.10115219224749102,0.3296875,0.44375000000000003,0.11993952591814178,0.06056298801083841,0.04573663212183136,0.034081552771012026,0.0703899674013526,0.06187174621709726,0.3629032258064516,0.35918114143920593,0.5103841002587715,0.1875,0.07173530916939232,0.7429577464788732
0.008642578125,0.5053095574387948,0.6255186754551161,0.133786389961756,0.03244022952239888,0.5828125000000001,0.15416666666666656,0.11282953307894857,0.07887118038708074,0.04085078099036224,0.03502132202214182,0.06586167423654961,0.05675713599940918,0.44180790960451977,0.31148775894538605,0.460253444087561,0.140625,0.09618868197956675,3.7804054054054084
0.013209635416666667,0.5673161039921143,0.5339571011992771,0.06660571022440709,0.11915440796532249,0.3421875,0.48749999999999993,0.12208649352827597,0.06106538847853523,0.050601571333314,0.03773799268883155,0.06775191101576165,0.05666753640835338,0.2949728930507639,0.38048299655002465,0.42342772409401047,0.140625,0.07918666822776414,0.701923076923077
0.0030598958333333333,0.45112367021276595,0.45666445035460995,0.04831245267359181,0.16161381210684,0.17031249999999998,0.50625,0.1500921424444995,0.07697704932941445,0.03452649144764289,0.03546382574760508,0.0795244055068836,0.07328744263662912,0.44680851063829785,0.2957446808510638,0.36913954045870717,0.140625,0.03548910786423529,0.33641975308641975
0.009814453125,0.35966780679933663,0.4901395798783858,0.10611539707410636,0.13207008325212546,0.4046875,0.5125,0.15073332290495436,0.07734629760013964,0.05427372939225441,0.03675106449612253,0.06355672617305629,0.051746496276786,0.2066334991708126,0.5081260364842455,0.49670533481510926,0.234375,0.047320840003766844,0.7896341463414634
0.010784505208333333,0.515858926954422,0.5967300533252843,0.1704962072229255,0.03251524434694673,0.640625,0.15833333333333338,0.14338212481230314,0.09781494812478064,0.05433023798109646,0.03797781027417506,0.06460230938134384,0.056187449323224614,0.1817084213703592,0.49079384243887714,0.4749224084148773,0.171875,0.10632220795892165,4.046052631578946
0.011959635416666666,0.6324850299401198,0.5914330430048992,0.07986250316226211,0.03646904569831011,0.3078125,0.18124999999999997,0.07964040038399738,0.036951553853178484,0.0623779179608697,0.04227748655985382,0.06586079178541313,0.05144683894243598,0.1567773543821448,0.5144256940664126,0.3813574919596036,0.125,0.2143648987688897,1.6982758620689657
0.008274739583333333,0.4907725216365067,0.522949449252557,0.09505515528485499,0.10804753800492058,0.47031249999999997,0.42083333333333334,0.12499823130940102,0.07131055451105492,0.05207725891300659,0.04084430272286943,0.06838524552228445,0.060341555977229594,0.23682140047206923,0.4339103068450039,0.4472741289844873,0.171875,0.04180783526857669,1.1175742574257426
0.013209635416666667,0.6462057971907345,0.5280341301133563,0.10810983794672184,0.14667218513090424,0.42031250000000003,0.49374999999999997,0.16295333819623375,0.08152715205773212,0.06204157365262517,0.04314241144740574,0.06331429565419071,0.05479855816155935,0.1791522917693445,0.54361754558896,0.5845110207740585,0.265625,0.0636519065769454,0.8512658227848102
0.009547526041666667,0.6436210790998976,0.603940078418002,0.10115661273176367,0.01622323143259711,0.32656250000000003,0.10625000000000007,0.09072357510492325,0.04759292444955415,0.056137395292245776,0.045352966032781,0.08549367240929785,0.07737510278574437,0.3494715308557791,0.3873167405386976,0.35841119110850256,0.125,0.2751665259405196,3.0735294117647043
0.017233072916666668,0.6195879179259539,0.6097201234101499,0.13236329031638314,0.03560453158648809,0.4890625,0.24583333333333335,0.12080855022489731,0.064753513305695,0.05433750379638065,0.03873286337064914,0.07309940220893797,0.06251842633540004,0.30695126558367963,0.3951643369852663,0.47144075204670677,0.171875,0.14333676287431635,1.9894067796610169
0.01087890625,0.36538468731298623,0.6283999102333933,0.1110136126812128,0.01749746871185894,0.428125,0.11666666666666659,0.09877037203155528,0.05361527040503462,0.05373323476607878,0.03727488592691744,0.08242921345677709,0.07286232266694828,0.362657091561939,0.3399162178336326,0.43063365327823994,0.125,0.21780500521376453,3.6696428571428594
0.014996744791666667,0.6557514380290862,0.5948940923232762,0.09556072925849772,0.03692353066265292,0.3296875,0.2625,0.08925983248545291,0.05027805085403227,0.08430649012372478,0.06480305437333947,0.08876688074839226,0.07122920364151737,0.1968743216843933,0.5708704145864988,0.41556472703771824,0.140625,0.17328669224403823,1.255952380952381
0.017490234375,0.646520216824865,0.5872378869656927,0.09360431176326077,0.044848976918711654,0.35000000000000003,0.2979166666666666,0.09296461510005123,0.04616035366662801,0.06423183455403379,0.046311057223132446,0.07106118829441324,0.05787470394820873,0.22389726409826913,0.48706495440163783,0.4325974498368814,0.15625,0.1677385114885115,1.1748251748251752
0.011399739583333334,0.6337802505711022,0.6138111555301732,0.10120103137071194,0.022339510805447417,0.3578125,0.11041666666666661,0.0912136426324009,0.04920136066463183,0.05789184891546568,0.04301575432886276,0.06513364911927079,0.051644438472133576,0.21644774414620216,0.4711593375214163,0.4523996423934895,0.125,0.28853917772101856,3.2405660377358507
0.015006510416666667,0.38654114696312364,0.5736636840202458,0.12110708029421623,0.07208182270655944,0.59375,0.38125,0.12258311465924622,0.06954203090597585,0.06021947173663392,0.042090487690346026,0.0679162945004466,0.05477521160307941,0.1911062906724512,0.4811279826464208,0.45992820012283997,0.15625,0.06629278113316078,1.557377049180328
0.007037760416666667,0.3524239708603145,0.6364313521430774,0.10548987405540448,0.027653939266954815,0.37812500000000004,0.10624999999999996,0.09705895997689361,0.0497233564173748,0.05075728718869601,0.04185696252122816,0.06442836153888012,0.0552175726905008,0.26688251618871417,0.36864014801110084,0.3732531867306175,0.109375,0.1751742019121699,3.5588235294117667
0.009283854166666666,0.34039654190042073,0.6304566970546984,0.08737132447341958,0.030766490599553033,0.3078125,0.11250000000000004,0.08350464731923558,0.04009113568037244,0.05460495558672277,0.0422513706782944,0.061191320848114836,0.046631191045843304,0.22124824684431976,0.46809256661991583,0.4053038640898862,0.09375,0.26809550667418675,2.73611111111111
0.002333984375,0.3723239191073918,0.6606316829381683,0.10102532369373049,0.021288092592869106,0.3,0.0854166666666667,0.09368900549353525,0.04337821069728343,0.031531161976645614,0.036941126612153354,0.08641671452402439,0.07791724779172476,0.5146443514644351,0.31520223152022314,0.2864723552024411,0.0625,0.0910823170731707,3.512195121951218
0.010826822916666666,0.6260123834936862,0.5972038484666266,0.11884254442746826,0.0687335283672863,0.39062499999999994,0.33125,0.12159817095860591,0.06373172763493055,0.05416150825934703,0.03713655458659666,0.05833775482532159,0.048909954841828494,0.17558628983764282,0.48286229705351774,0.5297354195590671,0.15625,0.08367295597484278,1.1792452830188678
0.008251953125,0.6512228796844182,0.5880769230769232,0.09220168711817155,0.0430116502190902,0.34375000000000006,0.18541666666666662,0.091792298047501,0.04387855035396347,0.05087210426576943,0.037173582395982126,0.06330819507290096,0.048107669103144214,0.2418145956607495,0.43431952662721895,0.41167479939119145,0.140625,0.12946884576098058,1.8539325842696637
0.010419921875,0.3713566073102156,0.5792005102572113,0.08531731186061714,0.021329200925600943,0.32812500000000006,0.09375,0.07837476742535181,0.03989203361911336,0.0570642752571194,0.042459162963505895,0.07051840417516585,0.058833330270564956,0.24960949703217744,0.45829428303655106,0.25447299339107515,0.078125,0.33873015873015866,3.5000000000000004
0.01537109375,0.3896316444303261,0.53855004941409,0.09118546672017984,0.07911705372217215,0.31093750000000003,0.34375,0.10558118157392384,0.058539829416459875,0.05253921983871905,0.043634751552611664,0.06628464176860918,0.06227753278354969,0.2878017789072427,0.40025412960609913,0.41632578810829485,0.171875,0.14380995888533574,0.9045454545454547
0.012783203125,0.5572793321874205,0.5495899117222646,0.17763289341547042,0.03965446792305367,0.7734375,0.20833333333333331,0.14653013178314345,0.107957594123929,0.05169540186841225,0.03529414280813871,0.0574644117896713,0.04688506418610224,0.19455054749172396,0.45352686529157116,0.48092243587746547,0.203125,0.07933333333333335,3.7125000000000004
0.011943359375,0.4512243629054239,0.4176648950667757,0.13438989003329133,0.13602378499394382,0.5953124999999999,0.45833333333333337,0.17048108363370632,0.08659857244964274,0.051662311149589295,0.0336377448736593,0.05449045794387529,0.04856161052592201,0.1839738348323794,0.4895066775688198,0.5929400163526038,0.21875,0.043772369362920546,1.298863636363636
0.0014485677083333334,0.49504213483146065,0.6200842696629212,0.01132797096575206,0.022569612435536596,0.04843750000000002,0.08750000000000002,0.022342191338735225,0.011770166433597894,0.0047587574355584935,0.008657280046736542,0.11756774619960343,0.11752368363075567,0.9977528089887641,0.0,0.29808366657965774,0.0625,0.3417818740399383,0.5535714285714287
0.03216796875,0.5887393113742158,0.49104579875868587,0.13159521644775382,0.16146939744143585,0.6796875,0.575,0.18594495307343611,0.09388366060475692,0.0654817037116405,0.04165259427157209,0.05444519843962681,0.04398411054363052,0.10048573163327262,0.5753895972475207,0.6797137073007664,0.390625,0.0823088455772114,1.1820652173913044
0.016298828125,0.5577725559217096,0.5550541741561813,0.10911871152499485,0.0976384570644934,0.5109375,0.41250000000000003,0.13111010907245896,0.06519433105583551,0.05340523267425604,0.040585332345443974,0.06420971424319678,0.05756254968534249,0.24625524266027563,0.4128220491312163,0.5685157274112901,0.234375,0.07733296265406356,1.2386363636363635
0.016318359375,0.5225120935567524,0.567750515326817,0.1401715164164619,0.0856816944053909,0.66875,0.49375,0.13930103638783015,0.08708976996149241,0.05367691062062169,0.03704836550672912,0.060561755122954836,0.05109616956696902,0.20147616197885498,0.43287452623179734,0.579647376319352,0.234375,0.04942032414527387,1.3544303797468353
0.01740234375,0.42206468621399174,0.5074035104127697,0.06301376114223216,0.13414769631806972,0.284375,0.5833333333333334,0.13220748338924435,0.06698895324318793,0.05798654665757062,0.03827046400920236,0.05983729818152476,0.05151221730742428,0.17564534231200898,0.49139543583988027,0.5236303272856185,0.21875,0.10490580847723704,0.48749999999999993
0.021360677083333335,0.45387553337397135,0.4093553159605811,0.11454334309146301,0.19504629838812626,0.5484375,0.5875,0.20916728564472625,0.08609461410271893,0.052096742384853977,0.033255190653105185,0.055925082620674,0.04847218985125291,0.20786345626333436,0.43096616885096006,0.6601268451052745,0.34375,0.06629488189771879,0.9335106382978724
0.009274088541666666,0.5563931423306423,0.5893997893997893,0.1097247325052367,0.0672043770079296,0.4046875,0.3125,0.11562613041697359,0.05644947455173254,0.048625248625248634,0.03307543653956706,0.06085657850363733,0.05202651085004026,0.1955071955071955,0.4025974025974026,0.4956342909554942,0.15625,0.07333333333333333,1.295
0.00763671875,0.661834638746803,0.5818236714975845,0.10302279284892656,0.05375421070980465,0.35,0.25625000000000003,0.10136034749859586,0.056826850787200955,0.04581515470638383,0.04206084458693033,0.06410912190963342,0.053422596660147426,0.35805626598465473,0.38618925831202044,0.45610277121521475,0.140625,0.08514808362369337,1.365853658536585
0.006878255208333333,0.61748920373876,0.6156057737813536,0.09639015679067972,0.020937489578380996,0.33749999999999997,0.08750000000000002,0.08679120505491944,0.04686925987352011,0.053376390783478556,0.037023066746704934,0.062435158635153074,0.04621437784768427,0.21533364884051112,0.4633222905821107,0.4490624388996286,0.125,0.2329144620811287,3.857142857142856
0.007884114583333334,0.32322267237819985,0.6273448252133224,0.09413559148012553,0.018853215612569488,0.36875,0.0708333333333333,0.08320206340757837,0.04789958211684546,0.05685303022943281,0.041877528001188206,0.06798626965236962,0.05411181813765969,0.20767960363336085,0.44137076796036334,0.4067717788708043,0.09375,0.30184446660019953,5.205882352941179
0.0110546875,0.32555304034157834,0.5915924371809973,0.10564375489178592,0.06350544861511419,0.3703125,0.26875,0.11026585133545383,0.055090715921198956,0.05500704404258759,0.03425602546758151,0.05839742257326959,0.04459687290699554,0.14045936395759717,0.5244405182567726,0.4796800313838721,0.15625,0.11107840251202042,1.377906976744186
0.008216145833333334,0.608192601030111,0.5506694070258848,0.11234128319630257,0.013340126607240025,0.4328125,0.07708333333333339,0.09832441605096086,0.05595383897755898,0.04523165843199403,0.03833907823752654,0.07026972437152357,0.05939529536061651,0.40055467511885895,0.3252773375594295,0.32456795815758954,0.078125,0.24626792857839774,5.6148648648648605
0.01158203125,0.597481906970208,0.5292053119730186,0.08969181919648722,0.06359801886172546,0.32656250000000003,0.33749999999999997,0.0956386600704649,0.05424552639469732,0.06583341599709024,0.056996213602547675,0.07818227909488695,0.06668760815174862,0.24817313097245644,0.47470489038785835,0.3893307370918392,0.15625,0.10508594719121034,0.9675925925925928
0.010732421875,0.5038652562936002,0.5574783894449499,0.16430591880670675,0.025332992497355707,0.6609375,0.12291666666666667,0.13466777115195377,0.09748223877585188,0.046398686863280345,0.036338362399296505,0.061094161656169904,0.05424301355361678,0.32878374279648165,0.3348498635122839,0.4108178848162955,0.125,0.13210722442601275,5.377118644067796
0.008876953125,0.47735664191419136,0.5248372753942061,0.1155909632959814,0.08234749081926374,0.4953125,0.3104166666666666,0.12365769367539534,0.0696502321231145,0.041413030191908076,0.03413741016673739,0.06318801814822005,0.05592153986640494,0.35973597359735976,0.29556288962229554,0.44479155596744124,0.140625,0.05773505811614762,1.5956375838926176
0.012568359375,0.5561585405335405,0.4999061124061124,0.13616479521272262,0.12417473480630235,0.5046875,0.47708333333333336,0.17152493922753315,0.06737515448983607,0.056516903575727105,0.04374106655919051,0.06465154308291564,0.053561253561253554,0.22792022792022792,0.4693084693084693,0.5595928881781306,0.21875,0.0521989535874106,1.0578602620087334
0.012099609375,0.62607697740113,0.4730803291184647,0.11416869689415207,0.12804810264848696,0.4109375,0.4458333333333333,0.16307460073082927,0.05326802548308731,0.056490844925540844,0.038646682568270634,0.0584268358944331,0.04707992424841877,0.19047619047619047,0.521926284638149,0.5351400982979181,0.203125,0.06604242919583526,0.9217289719626169
0.019290364583333334,0.6073110023624705,0.5701129907751152,0.1385758606965193,0.09020899255793625,0.5,0.50625,0.14911093855289762,0.07146229432346066,0.05922720083646014,0.0439034188338516,0.06710408766949236,0.057967878342697184,0.20789740128248396,0.4649004387445157,0.5315144496890248,0.234375,0.07620884773662552,0.9876543209876544
0.014641927083333334,0.4700936527345487,0.5701654439009931,0.1677817593365164,0.15742024993440154,0.7484375,0.6458333333333334,0.19065590174797734,0.12877181750729377,0.05157324824104831,0.03541418950480537,0.05548435470230778,0.03960017088204779,0.1974210760337928,0.4673188083592708,0.6767464131660499,0.375,0.030291602128089432,1.1588709677419353
0.011363932291666667,0.6551664100544257,0.548512842547503,0.09381913315890687,0.03709665241144186,0.32031250000000006,0.22916666666666669,0.08865851157367378,0.048144155329227514,0.06171949157778265,0.04887612629207649,0.07441769030728877,0.06488730123960211,0.24577484961329132,0.4706387854482956,0.3125051172865552,0.09375,0.1548115299334811,1.397727272727273
0.020843098958333334,0.5639224289395597,0.5347210292050601,0.15372867705561227,0.09011456439245125,0.6265624999999999,0.49166666666666664,0.15366391204445312,0.09022495774509705,0.059320845314543125,0.038520354235017595,0.0612090533542794,0.04841113081184371,0.16382945494299547,0.5049195689520537,0.5677153137095947,0.234375,0.067659241726193,1.274364406779661
0.008450520833333334,0.4322244558936826,0.5611108436055471,0.16972085311722618,0.03417514630094007,0.6265625,0.18541666666666667,0.14749561936186514,0.09065401743215525,0.04785492008822018,0.0363461132647786,0.06774675972083749,0.05622375298347381,0.28659476117103233,0.46533127889060094,0.4336899444633041,0.109375,0.07273949956569252,3.3792134831460676
0.005146484375,0.36705012650221375,0.5723368648534682,0.07832360093772375,0.0550979885105106,0.26875000000000004,0.21249999999999997,0.0852801812239981,0.04356220256321075,0.043355533231635476,0.03890603421566611,0.07263459463481788,0.06082524091230419,0.36432637571157495,0.34724857685009486,0.34732950696405684,0.09375,0.09011627906976742,1.2647058823529416
0.006546223958333333,0.6288716745400298,0.6340398640808885,0.09470410100498146,0.014223839621334224,0.32031250000000006,0.08750000000000002,0.08346617252035701,0.046952980795016266,0.062167880578387485,0.05143240935966067,0.07748949405719523,0.06059613303302424,0.24117354549975137,0.49825957235206364,0.3928592393875959,0.125,0.2335656213704993,3.6607142857142856
0.0076725260416666665,0.4707321277047094,0.4668178121906378,0.03515073629782447,0.12719294368409995,0.15781249999999997,0.53125,0.11525709227235983,0.06426057785475123,0.053352966133419846,0.041204983809337986,0.06858336037002837,0.0546523912916885,0.2592278319898176,0.4187526516758591,0.44541819275178296,0.140625,0.09151621044457389,0.2970588235294117
0.0027994791666666667,0.5197256540697673,0.6227228682170544,0.040997484817751756,0.060210427113965896,0.16875,0.26875000000000004,0.05677639085174931,0.04563475360377639,0.0260328317373461,0.03360090396572964,0.07024623803009575,0.07214774281805746,0.6255813953488372,0.23604651162790696,0.349363647055495,0.09375,0.06172839506172838,0.6279069767441859
0.004052734375,0.4117959337349398,0.5829668674698795,0.08624592349895371,0.05239084177869326,0.27968750000000003,0.20208333333333334,0.09338053457632156,0.03825225986406376,0.02639577919521222,0.029874225343546796,0.07622332467123395,0.07326561146546971,0.5726907630522088,0.1461847389558233,0.3945986294405931,0.125,0.07170419858319414,1.3840206185567012
0.00912109375,0.6535036357958601,0.6719285331905782,0.12162150629428975,0.03342819768230415,0.40625,0.13124999999999998,0.11323605722640691,0.05555925249134537,0.047494086856726986,0.037489728645855036,0.06318735916922087,0.05027081496410127,0.31370449678800855,0.447180585296217,0.3824302090874929,0.109375,0.17106227106227107,3.095238095238096
0.012841796875,0.44138624841571616,0.5827999577524293,0.109740239809751,0.08866935591007992,0.4109375,0.46875,0.11941904077871995,0.07512834092737909,0.07033972017197247,0.05521223057634034,0.07368970401848952,0.056060041253510266,0.23244613434727504,0.538403041825095,0.5160698547913611,0.171875,0.06666666666666667,0.8766666666666667
0.014228515625,0.4115823753145733,0.5567337756424923,0.08906583146974395,0.0849799154503731,0.328125,0.36458333333333337,0.1101569817217998,0.05495223146781626,0.0596803351860076,0.04517636108765438,0.06852203246890154,0.05888992064453326,0.21734156943491192,0.47380462136810797,0.47944082755831086,0.1875,0.11893877551020407,0.8999999999999999
0.016048177083333334,0.4413770917849898,0.5287681710615281,0.12684045145915004,0.12472449857409319,0.5890625,0.5270833333333333,0.16030445715966396,0.07711797252045359,0.05627252117885694,0.03986139928508587,0.06150101419878297,0.052554587758024095,0.20304259634888439,0.46774847870182557,0.5609181730543925,0.234375,0.05168744299179081,1.1175889328063242
0.01607421875,0.40578359153503446,0.4925248076144188,0.10692402223108584,0.12271467668404283,0.4140625,0.51875,0.14526934066759573,0.07340611054772567,0.05044671574583661,0.03464714746027878,0.05649822504943653,0.04411963246213836,0.2128392061563386,0.4194005670311867,0.6047273777620658,0.25,0.07483518981586725,0.7981927710843373
0.013313802083333333,0.514875076405868,0.5588416870415647,0.14152429287142002,0.08617096232212242,0.703125,0.4395833333333334,0.13891660320400248,0.0903146586913654,0.05048851814564457,0.038305495375220856,0.06538952011122297,0.05732489572846253,0.27995110024449876,0.39559902200489,0.5298299286742376,0.1875,0.04307530279094259,1.5995260663507107
0.01771484375,0.4302341740169056,0.5166322124219037,0.1138385790301414,0.14719738664789003,0.43125,0.6020833333333333,0.172533743040574,0.06970222538756822,0.05148482031548377,0.035792305830782245,0.06250153129976724,0.05340885343479545,0.24604924660051453,0.4027930907754502,0.6257265719750896,0.3125,0.06822626748909283,0.7162629757785468
0.016611328125,0.3876527900254752,0.616642579528382,0.11808335722188647,0.11802722509752381,0.49375,0.6499999999999999,0.14468206391439029,0.08331389739104442,0.05486968449931413,0.03981511928224887,0.06247766596350475,0.0534003450488563,0.2087007642563198,0.4648246129727611,0.6108747616748476,0.265625,0.05175876338851023,0.7596153846153848
0.010221354166666667,0.41862062101910835,0.5885483014861996,0.10187546124867489,0.09384025621275077,0.3328125,0.41458333333333336,0.1216881777665648,0.06615580611373345,0.05042088172848757,0.04313453455599554,0.07166104658423879,0.0638503809166979,0.34203821656050953,0.39012738853503187,0.5141649544816536,0.15625,0.07407931677165168,0.8027638190954773
0.009534505208333334,0.5001653721406624,0.6153835211107317,0.16649850759045987,0.029478291909904055,0.6453125,0.13958333333333328,0.1393552911447496,0.09576442739210635,0.04494607675777719,0.035971693969567016,0.06295262386279195,0.05043279175787761,0.33492659610788666,0.4066234209627859,0.5137380169341313,0.171875,0.10585089082432877,4.62313432835821
0.023235677083333333,0.5902449915942842,0.5443080461380405,0.20950170719532396,0.13324666191447376,0.7375,0.64375,0.211410455370039,0.13019699531609039,0.060827715787912254,0.038681377154908186,0.05452562644559084,0.04401958037347749,0.13463154945362846,0.5579994396189408,0.71108727351969,0.46875,0.04894136361143107,1.145631067961165
0.009150390625,0.40301160618996795,0.5721681192932526,0.10912343857993612,0.039498442775177084,0.39999999999999997,0.15625000000000006,0.10241126729243699,0.054589231179144215,0.05206715912974938,0.04237012295133283,0.07808260266041671,0.0696312107197913,0.311988616150836,0.31945926716471007,0.39132616114502156,0.140625,0.14640624999999996,2.5599999999999987
0.009954427083333333,0.39341634646827994,0.5418465227817746,0.09298267380658048,0.06541844065008366,0.32031249999999994,0.29166666666666663,0.10402493434527124,0.04587115694825538,0.04742045935444158,0.034817553015367805,0.06834404134446453,0.05434283589171444,0.2998691955526488,0.3603662524525834,0.45121155198268326,0.171875,0.10655052264808365,1.0982142857142856
0.010667317708333334,0.4635418256026854,0.5480152069982709,0.09817783869796869,0.11430333705846782,0.36875,0.4854166666666666,0.13029154370160198,0.07568523313011331,0.047565025399845626,0.039951358722335045,0.0660013043972548,0.05686214675067463,0.3198046994202014,0.38877021666158074,0.5140137790752979,0.171875,0.05959482068815015,0.7596566523605152
0.014934895833333333,0.5782179735178726,0.5559988920371985,0.10564786426014984,0.08894984585927243,0.4359375,0.40624999999999994,0.12333113175339358,0.062152861893451386,0.05744824520915602,0.04512893797370634,0.06700770979708362,0.05501136810434724,0.22646033129904097,0.4559721011333915,0.5130964054761737,0.1875,0.08433048433048435,1.0730769230769233
0.020475260416666665,0.6286913751987281,0.4824884075251722,0.1126039556954896,0.12161574895551386,0.534375,0.525,0.14990850807756279,0.07069285988161497,0.057246796969980356,0.03842101957771714,0.05752984818728764,0.04615979301100409,0.16120826709062003,0.48282988871224164,0.560682818799375,0.28125,0.07298338438689314,1.0178571428571428
0.015247395833333333,0.5222429413962426,0.5046714880444064,0.1178511826230157,0.12684148737013914,0.5640624999999999,0.63125,0.15205173175921813,0.0828126501987187,0.05749987441603457,0.041898854350277064,0.06484235026205187,0.05648180706954003,0.21840307429547395,0.45836891545687447,0.5632313017602273,0.25,0.04282201073292925,0.8935643564356435
0.020266927083333334,0.4600415595888211,0.5567157886283328,0.15908664875798068,0.06426109500694493,0.6078125000000001,0.39375,0.149530945971043,0.08413409737758965,0.055480811020199916,0.03738723293582432,0.061869579184066804,0.05082985330335154,0.17539351108255702,0.42964985544490847,0.5598079946051905,0.21875,0.08468328776812067,1.543650793650794
0.020843098958333334,0.5375170818366392,0.5497494663959602,0.16660922762304706,0.10215926996888887,0.6890624999999999,0.4645833333333333,0.1687401125824696,0.09859982543280756,0.05838684685181272,0.03992521876326412,0.05787911916289239,0.04676484368540481,0.17210682492581603,0.5114789942214587,0.6069723898815271,0.3125,0.06510885370590688,1.4831838565022422
0.013753255208333334,0.6058779585798816,0.45995759368836286,0.15318142614664731,0.15451347608895472,0.6125,0.5208333333333334,0.20339787754674885,0.07725455985824078,0.04731685810418842,0.03221378846248116,0.0555247708550876,0.048738832811231,0.20970414201183432,0.38769230769230767,0.631201456368764,0.328125,0.04311224489795918,1.176
0.017259114583333332,0.4943915621463598,0.44370992078460963,0.09742758645941278,0.13559088418682563,0.5515625,0.53125,0.14914329622045364,0.07505531074061013,0.056005502917877814,0.03909346069631228,0.0604263282076316,0.049782915806835755,0.1893625047152018,0.470954356846473,0.586595862053536,0.3125,0.05890129422873966,1.038235294117647
0.019856770833333332,0.4783393954918033,0.4570225409836065,0.16822802277151405,0.14143224136540353,0.7296875,0.5354166666666667,0.19492272380269343,0.10153264641775923,0.0511648987463838,0.03549631345702875,0.05436322725811636,0.0464725168756027,0.19836065573770492,0.4244262295081967,0.6351346473374508,0.328125,0.050825285996383904,1.36284046692607
0.014069010416666666,0.4797185909301249,0.4710516928890946,0.139233213126192,0.14799131331578913,0.684375,0.4666666666666667,0.1862723439709197,0.08117838582994272,0.05316075527851122,0.034563958595918126,0.05870557385378955,0.04541924127355708,0.20939379916705228,0.47362332253586303,0.6270531605216167,0.296875,0.04405169602087411,1.466517857142857
0.010465494791666667,0.5739171850699845,0.5444783566614826,0.09599266446045601,0.08762787994296732,0.40781249999999997,0.45625,0.1115020235378797,0.06678724219845367,0.04629402616412039,0.033590998858689124,0.06666178757661695,0.056431555514896474,0.3272161741835148,0.33530326594090204,0.4625082608467872,0.15625,0.056246610332581055,0.8938356164383561
0.014140625,0.43185212361878456,0.5284074777470841,0.08858408394863747,0.07904469494139285,0.30937499999999996,0.39999999999999997,0.10612843602379932,0.0532161516321825,0.05495432058642979,0.03902234620727572,0.06712616906799553,0.05968475788105297,0.25736648250460403,0.43807550644567217,0.4086032322823903,0.140625,0.1142676767676768,0.7734375
0.013193359375,0.4483673359240069,0.4457336129615923,0.09842447364579346,0.14871123028383734,0.33906250000000004,0.50625,0.1658860713993951,0.06545394060451043,0.052309835851439015,0.03562419345791574,0.062105533059510505,0.04914007053598642,0.21885023439427584,0.43301258327165065,0.5389627481748428,0.234375,0.07686180804460374,0.6697530864197532
0.013225911458333333,0.5674820791287226,0.5251148576585447,0.1288034240531673,0.07116007825241188,0.5843750000000001,0.3416666666666666,0.127629406463163,0.07324488644656464,0.05306134267637647,0.03617124383006519,0.0666801793323778,0.05444446053095124,0.2535072606448437,0.465173517105587,0.46774175302514737,0.140625,0.06624168514412417,1.710365853658537
0.013372395833333333,0.4435982381937682,0.5407948920804934,0.08465946388917399,0.1035510435530508,0.296875,0.51875,0.11879491924939768,0.06146389678060819,0.05523607690398457,0.042134720022503035,0.0661540370773431,0.06167783569123852,0.20034079844206426,0.46324245374878287,0.47341038954056264,0.15625,0.08683153667300782,0.5722891566265059
0.006396484375,0.4211291348600509,0.5728954622561494,0.08203551343154986,0.0922007126826488,0.30781250000000004,0.3416666666666666,0.11078847814952418,0.05437563785813233,0.045154916928603496,0.03540236706548994,0.06258344559197725,0.056296961532704685,0.25190839694656486,0.4173027989821883,0.40975286627277446,0.125,0.06082084932524452,0.9009146341463418
0.006305338541666667,0.38622789752194114,0.5435736103940801,0.11323249969310169,0.0863572488773126,0.365625,0.31249999999999994,0.12973775154664666,0.05871362060056396,0.04413941105611062,0.034848773662000926,0.06175711379027605,0.04873515745998968,0.3324728962312855,0.4062983995869902,0.47280893421755615,0.15625,0.0551851851851852,1.1700000000000002
0.017373046875,0.3846083356754732,0.5832384766722878,0.08250250040741111,0.14610424554122503,0.33281249999999996,0.5416666666666666,0.15378685407949766,0.06710228499072693,0.05251095754022051,0.037844478686891565,0.06437412514190612,0.05324354212361354,0.29023796140153646,0.4069702079820124,0.4964989288389118,0.171875,0.09637053087757315,0.6144230769230768
0.005520833333333333,0.6185952240566037,0.6359166175314467,0.09650063121036583,0.01431584209206625,0.3046875,0.08333333333333337,0.08660214810729364,0.04491528806549485,0.05337819089900111,0.039821319760048574,0.06918932667406585,0.056409544950055485,0.2936320754716981,0.49174528301886794,0.35557941565311074,0.109375,0.21743589743589734,3.6562499999999982
0.023570963541666667,0.6133273201215301,0.6869683054826681,0.12052451816601284,0.05753682911264368,0.4953125,0.39375000000000004,0.12219257481188672,0.05390381103714826,0.06184932749511903,0.04543131340387446,0.06795074886742433,0.05456239117660598,0.23035492335312802,0.42038392487225523,0.48499137807865184,0.1875,0.12085857827182749,1.2579365079365077
0.019108072916666666,0.5532304088586031,0.6451242191936399,0.11134022760693311,0.12924382533130185,0.40937500000000004,0.6479166666666667,0.1448833748105821,0.09005232019958237,0.05700170357751278,0.04005678914830355,0.07044593646657982,0.056812639877075195,0.27717206132879046,0.4260647359454855,0.508341334680847,0.1875,0.07204045065167766,0.6318327974276527
0.014684244791666667,0.43558419696297934,0.5097673280130053,0.11252741171515038,0.11155542305005048,0.390625,0.4145833333333333,0.15046457407375544,0.04967336054657526,0.043378929935973504,0.033788372799294995,0.06200268624408309,0.05410043423266003,0.31966304588782973,0.3462646863223232,0.5457301719481269,0.203125,0.09067336683417086,0.9422110552763819
0.02173828125,0.497529200359389,0.45192578865927924,0.12032019570238117,0.13456614089925956,0.5875,0.47500000000000003,0.1629430868503354,0.07768234173905113,0.05177198762104422,0.03819354804872525,0.060566448801742924,0.052578851246997745,0.24123989218328842,0.4101527403414196,0.5920140712767102,0.25,0.07789753639417693,1.236842105263158
0.016005859375,0.6072967510677242,0.46775260999254276,0.12428806963989762,0.12372788183846464,0.5109375,0.39999999999999997,0.16509744424821057,0.05915189685677126,0.04761551559814489,0.03513210457359771,0.061310299999601234,0.05255157177778576,0.2814724425462681,0.40939597315436244,0.5519788971270349,0.234375,0.07831613149847096,1.2773437500000002
0.015006510416666667,0.4066882456616052,0.5346560918293565,0.1114255992103628,0.11606055991712455,0.45312500000000006,0.5604166666666667,0.14626333034363592,0.06702802342642435,0.05148909021309175,0.037500691460071185,0.06150652885883204,0.05126196248564502,0.2704989154013015,0.44989154013015187,0.5951196895297993,0.265625,0.05909498782207409,0.808550185873606
0.02625,0.47369694785466265,0.4769665591931217,0.10645660439308,0.14479241507025387,0.54375,0.6375,0.16225045324239876,0.07728287328650246,0.06574317226890757,0.043499661653054605,0.06154684095860566,0.048892195767195765,0.13690476190476192,0.5653521825396826,0.6417361783256542,0.34375,0.07572684246112239,0.8529411764705882
0.019534505208333334,0.44788472754540914,0.5168242792867854,0.11947011588839149,0.13745882764613493,0.56875,0.6166666666666667,0.16650337488695757,0.0737879667661929,0.05523197114206456,0.038428987348853125,0.06310190131710074,0.055756720285181235,0.2086318946842193,0.45325779036827196,0.5885160735926555,0.28125,0.05569683694683695,0.9222972972972973
0.022291666666666668,0.5660623996057244,0.47087562061915883,0.08012147282763737,0.12532882567883386,0.42187500000000006,0.5395833333333333,0.13464245666987623,0.06323111430305388,0.058914582188015395,0.03960367067916139,0.061734927615906175,0.05100215319772769,0.1764018691588785,0.4877336448598131,0.550490921299421,0.265625,0.09792649792649792,0.781853281853282
0.017395833333333333,0.5528571762724551,0.6056570452844311,0.11564284390611039,0.12211839393852127,0.48281250000000003,0.5020833333333333,0.15333373407683168,0.06910090794535438,0.04660898790653986,0.03868114480620737,0.07404455794293766,0.06711943759539744,0.46126497005988026,0.27601047904191617,0.5940627202862818,0.234375,0.07176140407417851,0.9616182572614108
0.016285807291666666,0.3891627523485909,0.632639999333733,0.1044614058302525,0.1028156900322715,0.40625,0.43125,0.13751185317281678,0.050732057535867126,0.03756883125026944,0.03351358822277511,0.06575584061327909,0.057751231613972796,0.5022986208275035,0.20087947231661005,0.5010682212920611,0.203125,0.09295800817539947,0.9420289855072463
0.02060546875,0.46199200236966825,0.5399456951026856,0.08935352339326896,0.15337992789379026,0.46562499999999996,0.6291666666666667,0.1611870752234594,0.0743517397537045,0.05009757457485363,0.03756848499193245,0.061880866090512035,0.053147477000278776,0.3167456556082148,0.36998420221169037,0.594652482575549,0.28125,0.0703364593981955,0.7400662251655629
0.013199869791666667,0.4361517416769421,0.5469949650637074,0.10398775090189204,0.09451334038184096,0.365625,0.38541666666666663,0.12792505020037828,0.05814985278569819,0.054417446386692776,0.04026568027757125,0.06528952394768019,0.05225115446918595,0.21800246609124538,0.42638717632552403,0.5078036379027203,0.15625,0.09367059367059369,0.9486486486486487
0.005699869791666667,0.6207185179897201,0.5591519131924615,0.088266252693208,0.026862627060390974,0.29218750000000004,0.10833333333333328,0.0822132973233631,0.0418748831676841,0.04239370219818366,0.03698580091368989,0.07623878791950818,0.06896003404217198,0.36150770988006853,0.3340948029697316,0.23157773559646158,0.078125,0.18006993006993016,2.6971153846153864
0.02076171875,0.5452960861555346,0.638149367617853,0.12287415319191279,0.14542584147842896,0.5062500000000001,0.6541666666666666,0.170585040000771,0.08454275261827099,0.05234168926272297,0.03685716426053779,0.06493399492126735,0.05490011620828953,0.2925682031984948,0.3907180934462214,0.6178572161986976,0.296875,0.06269167256428403,0.7738853503184716
0.016318359375,0.6289796529024537,0.6107433173748255,0.11376415844709857,0.11524081508266469,0.40468750000000003,0.49375,0.14937661877578165,0.06252483483551369,0.04182458940089102,0.03419140526231193,0.06732847537578765,0.06171640010482549,0.44344703770197486,0.29184121284659886,0.5629042826969679,0.21875,0.0816675626802209,0.819620253164557
0.014049479166666667,0.43353365384615383,0.5969136160024714,0.0377435804462023,0.13124219809877608,0.1515625,0.5083333333333333,0.12137079933911192,0.06259569868994476,0.05533718584746224,0.04137436833201631,0.07843228116084246,0.07036380817387196,0.33063021316033364,0.371177015755329,0.4163710871284886,0.140625,0.18235592360993752,0.29815573770491804
0.013095703125,0.42853902560278395,0.5836461181539481,0.10809307873361135,0.08960871861866446,0.421875,0.45416666666666666,0.1199315600067887,0.07300860933429514,0.05402367757940859,0.040260352179223004,0.07357888221159704,0.06366237272935522,0.31543624161073824,0.3599304001988566,0.48931360010252306,0.140625,0.06834862385321101,0.9288990825688074
0.018356119791666667,0.3246558565348466,0.5847716054856062,0.11510890695468932,0.05315502306839059,0.38125,0.3916666666666667,0.1132557757120013,0.056996896455660764,0.06672091074415225,0.04885914914077363,0.07482135964866528,0.06114976581162701,0.2285866288348998,0.46604007802801917,0.43422906973809433,0.171875,0.12292901988140914,0.9734042553191488
0.008509114583333333,0.41934834066564647,0.6097942170364703,0.12264133285243706,0.021289153053466063,0.38125,0.11875000000000002,0.11307624671640258,0.05203736148275982,0.044949517680063604,0.04396358078374873,0.09041210975591463,0.08063819253791801,0.5394032134659525,0.2884468247895945,0.3987029793938942,0.109375,0.1879493816508484,3.210526315789473
0.01306640625,0.6586178842800199,0.5782573492775287,0.11351949405771442,0.04641436181678115,0.37812500000000004,0.23541666666666666,0.11169657177025052,0.050644292558508525,0.044976894594409754,0.03450855545032246,0.0729554402727708,0.0668737848901394,0.3941205779770802,0.33781763826606875,0.40746073602118127,0.15625,0.14678563592481533,1.606194690265487
0.023987630208333333,0.5404116908671462,0.5669454245261681,0.14502143710992704,0.10923759406096939,0.696875,0.71875,0.1528163721519185,0.09803685827271294,0.05988467852875986,0.03946248728660887,0.0615525026675075,0.05166636066830044,0.17017234360157416,0.46492061338037727,0.5804674453858955,0.25,0.047891076883083125,0.9695652173913044
0.019033203125,0.5167521806054387,0.5153144775098341,0.1529595343226844,0.09983685542500657,0.6921875,0.5708333333333333,0.15874241672306916,0.09035962579761818,0.06034802496336314,0.03707172642726185,0.06429440940049698,0.05217758729967102,0.17581665811527278,0.5197537198563366,0.6044398356941364,0.3125,0.04817023940946763,1.2125912408759123
0.03364583333333333,0.4119279702012384,0.46598297213622286,0.14775345887696467,0.1834773410857169,0.7453125,0.7625,0.2058842548312558,0.11448446582209267,0.05955009712863474,0.036623165873176204,0.05458970739998786,0.04361303344867359,0.13264318885448917,0.5435371517027864,0.6920377641082843,0.421875,0.05920427077247367,0.9774590163934428
0.0060416666666666665,0.3872053475215517,0.5880185883620691,0.09627951974611325,0.12494505158487865,0.30000000000000004,0.4729166666666667,0.13679261846959337,0.07854165372795797,0.045482589587559165,0.03572117776069794,0.06142030087897228,0.05509634888438134,0.22844827586206898,0.43372844827586204,0.4696121275681082,0.171875,0.04258443465491923,0.6343612334801763
0.015888671875,0.34219614320835895,0.6007217612511097,0.11005444285645334,0.08896103553915795,0.38593750000000004,0.425,0.12602365288775516,0.06437456912065724,0.05672013529853655,0.040580272840924914,0.06672531745744803,0.0596125030630978,0.20651505838967424,0.46568326162671586,0.5280430735448144,0.21875,0.0968683019766611,0.9080882352941178
0.0101953125,0.37114563378033205,0.6399897562792678,0.0936938570226637,0.09629688011377921,0.32187499999999997,0.43749999999999994,0.11130923334108517,0.07524548183413254,0.0636741542082989,0.05700260133022902,0.06964290186061653,0.051921969298575114,0.2231800766283525,0.5207535121328225,0.3620648569083176,0.109375,0.07239944521497921,0.7357142857142858
0.009235026041666667,0.5828774894254494,0.5748465221478087,0.09935196063546645,0.08081190888234109,0.33906250000000004,0.39791666666666664,0.10917778525733411,0.06694466301074727,0.04831118206887972,0.04072197962192359,0.0706158811779911,0.059229923904704634,0.32217130771942193,0.41910468805075785,0.49146954482757355,0.1875,0.06844886240258644,0.8520942408376965
0.011044921875,0.6332255747126437,0.5887415266725611,0.12715844509293314,0.08861174270979157,0.425,0.3916666666666667,0.13982081388669276,0.06686890988031449,0.05086134660171171,0.0388521182621219,0.05697890119796813,0.047102743248787875,0.24167403477748306,0.4612437371058061,0.5019749154058781,0.171875,0.06635247183979975,1.0851063829787233
0.01447265625,0.35627143780926673,0.6131649235267657,0.09694385246710292,0.11773095020989527,0.3734375,0.4791666666666667,0.1326520982209694,0.075246980046129,0.06426309615164104,0.044545148746144785,0.06507545888350842,0.054365677895089656,0.1468735942420153,0.5607287449392713,0.4634032591393062,0.15625,0.08088048026196108,0.7793478260869564
0.013291015625,0.3146177749204017,0.6388072495713936,0.10038913642743609,0.054711774624352116,0.37812500000000004,0.2416666666666667,0.10525529175334364,0.04463945063630134,0.0537542080265856,0.04572600651348986,0.06282289550647592,0.05447935725845567,0.266225814352192,0.38305167768797455,0.43136779480387655,0.140625,0.14544742091764032,1.5646551724137931
0.022376302083333334,0.3717856688245563,0.5227278513238289,0.1407217314766033,0.16618834364809915,0.615625,0.5770833333333333,0.19452181273491753,0.09788991594946655,0.05875107680546761,0.03617458303820582,0.055666421354692595,0.042746467222326806,0.12263601978469596,0.5366598778004074,0.6278388361060829,0.359375,0.06298447836683832,1.0667870036101084
0.021149088541666666,0.4888912671232877,0.6196087296701042,0.1915165553679829,0.07037188074848753,0.7734375,0.3625,0.17890298234523444,0.09810461501926265,0.057904855031130506,0.03863395428951084,0.057038693575013504,0.04859377027708113,0.14729875327074035,0.5242419578266893,0.5821892047880717,0.265625,0.07543248577731337,2.1336206896551726
0.022180989583333335,0.568999027737012,0.5228084336170629,0.10674983869628618,0.17190377840782411,0.528125,0.7583333333333333,0.18143227507343515,0.08960338528340754,0.05787738047963535,0.03781947226894271,0.058132334236894054,0.05005726388001635,0.14059289697681243,0.5192251247431758,0.6501308891042447,0.390625,0.055383965147278766,0.6964285714285714
0.011754557291666667,0.5831417889781225,0.5856832133296409,0.14318254976376196,0.08934907008183068,0.5625,0.3916666666666667,0.15023557271568908,0.07690105052682286,0.04834465494865905,0.03407025376884135,0.057817887609211506,0.04842827743116078,0.21406812517308224,0.42785931874826916,0.5520875552217731,0.234375,0.05335401891252955,1.4361702127659572
0.013567708333333333,0.6251023422504799,0.5601157629558541,0.0970886549786247,0.13537611607278724,0.36406249999999996,0.56875,0.14517933216077156,0.08170594373644768,0.05705186105152234,0.043089599193404944,0.06354107861954764,0.0556405479658274,0.1883397312859885,0.46209213051823417,0.5103350785083965,0.1875,0.06552531874420287,0.6401098901098901
0.014065755208333334,0.5874960223327933,0.5536647573864074,0.12114778457796807,0.11196527628897819,0.421875,0.4229166666666667,0.15181151111386668,0.06454667997613292,0.055009052915310996,0.03965990682340297,0.062413838481469884,0.05307413407390265,0.20458227262207823,0.5017357093265448,0.5568112816863615,0.1875,0.07883597883597883,0.9975369458128077
0.009153645833333333,0.30655005334281654,0.6406627844950213,0.10355683398477825,0.02601531012835761,0.3703125,0.12708333333333333,0.0940790907878346,0.050496919733385,0.05787381809053636,0.04401093015556352,0.06476027110702035,0.051354140518227204,0.19594594594594594,0.5128022759601707,0.3454169995008056,0.078125,0.19450785086809158,2.9139344262295084
0.006630859375,0.2944173416789396,0.642590206185567,0.10238173975860691,0.013886692447538653,0.3578125,0.06875000000000009,0.08941280547910613,0.051770755060044915,0.05797260484949994,0.04123224824433728,0.062248404516445754,0.045058573257481686,0.18458517427589594,0.4879725085910653,0.31204323429116626,0.0625,0.26955140928940025,5.204545454545448
0.009498697916666667,0.5170670193625772,0.5680067683344756,0.11140604809397599,0.11234191631935087,0.49374999999999997,0.4458333333333333,0.14236837904584174,0.06901636300241315,0.04692577510784986,0.03781793455903697,0.06289696138907928,0.056454192369202655,0.272446881425634,0.38313913639479097,0.5915888490707444,0.25,0.043150360818644276,1.1074766355140186
0.013854166666666667,0.5036532982847745,0.5825858591791979,0.17438985738771745,0.14037653666879754,0.66875,0.5395833333333333,0.20283876319121424,0.09473030430592531,0.05070765148164529,0.03625335644853691,0.057781402034498,0.04744766327583665,0.2149906015037594,0.45394736842105265,0.6788953673410424,0.328125,0.03839353372063653,1.2393822393822393
0.025686848958333335,0.576188062349512,0.4654337219617285,0.16547350679058945,0.15481742211572475,0.7453125,0.5499999999999999,0.2070787219393625,0.09202346744224515,0.05822269599767419,0.03628251623308259,0.05598485243799712,0.046806364162697144,0.1196299581802053,0.5382080851603092,0.7531498634839956,0.5,0.06266279143637635,1.3551136363636367
0.006263020833333333,0.5687288851351351,0.4562824844074844,0.018564450296665595,0.19390960578984875,0.09375,0.575,0.1761521189923398,0.08316252164827899,0.03655171008112184,0.03435038098685179,0.06966899025722555,0.06677061677061677,0.4391891891891892,0.3009355509355509,0.3795404706329297,0.09375,0.11618357487922706,0.16304347826086957
0.006617838541666666,0.6043255041810133,0.5122427857025742,0.05803635238820914,0.19232828713031555,0.28437500000000004,0.5833333333333334,0.1809549483411561,0.08725648915615973,0.05163430842085973,0.047244318704913406,0.07227993017177357,0.05847245932312915,0.35218888342351207,0.43580914904082635,0.46477311344123473,0.171875,0.03989403453689167,0.48750000000000004
0.011617838541666667,0.6788158447744467,0.5434686420099001,0.09974000111431218,0.1752418616986144,0.359375,0.5520833333333334,0.1886412104453421,0.07121988230540288,0.04718078881874969,0.036479255671349756,0.056896258082947376,0.048526802147028605,0.24572709442420845,0.449985990473522,0.5556422630734541,0.234375,0.05855619360131255,0.6509433962264151
0.0114453125,0.6760132252559727,0.7034674819871066,0.0858699392395649,0.05452335700858555,0.3734375,0.2250000000000001,0.09159015921227347,0.044245741715589336,0.04447121283097994,0.03673255381802065,0.06174128354413438,0.05283298757500725,0.32764505119453924,0.3521046643913538,0.42054317238040917,0.125,0.1362157136215713,1.6597222222222214
0.016217447916666666,0.6213531212364513,0.6203934162986753,0.1687153117027872,0.09538085683584653,0.7734375,0.36875,0.1655447019559059,0.10078351009981337,0.06399193961004714,0.04413289761774221,0.06521123101990696,0.05369132799647358,0.15234845443596948,0.5656362906463268,0.5601585757683911,0.21875,0.05686240940478228,2.097457627118644
0.032418619791666665,0.630197716889246,0.40628765438297015,0.1307299350728235,0.17594655560662184,0.4671875,0.65,0.2068258574411268,0.0725986986641042,0.0646328377721206,0.04283062170634042,0.06031986044744236,0.05102646340190861,0.11758208655487498,0.5344914148006829,0.6339514852170453,0.34375,0.10675542406311637,0.7187499999999999
0.034612630208333335,0.6007187235493276,0.5906827016520894,0.1922929763985714,0.1637828156538879,0.7734375,0.7270833333333333,0.22285057704679218,0.11890761029323871,0.06511839758945054,0.04336904341554463,0.06066721619523386,0.04541503237239596,0.14530236057556664,0.5449073638672058,0.7345105372776016,0.546875,0.06154959335475095,1.0637535816618913
0.038655598958333336,0.3967802631578947,0.5973668421052633,0.14763737772409308,0.1128775388410955,0.7453125,0.6,0.1583226270355817,0.09732461068312404,0.08162146542827657,0.052168073399162546,0.06770823529411764,0.05114650154798762,0.05271578947368421,0.6652631578947369,0.6540600749909179,0.328125,0.08644159096203122,1.2421875000000002
0.063115234375,0.43307061993914076,0.5509034332181477,0.1736152203327026,0.12496952716231095,0.7734375,0.7020833333333333,0.18362603249390017,0.10973198093943981,0.09104009853980273,0.059032735596302,0.07031559232594992,0.04900373063764677,0.04115735726442828,0.7157666718242303,0.7236204278220171,0.5,0.11623055480622246,1.1016320474777448
0.053095703125,0.5336149684262155,0.5300622790345983,0.18480331196263852,0.11741555864595318,0.7734375,0.6458333333333334,0.19706952265741096,0.09540587384475732,0.08491394595972164,0.06147983024967006,0.06937625396550626,0.049857127572995964,0.07087241738703942,0.6661762001103549,0.6945216517860819,0.53125,0.10629521016617789,1.1975806451612903
0.04254231770833333,0.3746970407070166,0.601557438722677,0.10654256171877527,0.09763420345847623,0.6078125,0.5499999999999999,0.12704931756973023,0.0688638224878347,0.09091713814609936,0.06103156807472671,0.07676810413506592,0.05186678849365134,0.05333231310735328,0.6836789348840768,0.5723193162495159,0.3125,0.12725909480408198,1.1051136363636365
0.050729166666666665,0.518870917286961,0.5301413575889802,0.1749777252582577,0.11050523331610326,0.7703125,0.6645833333333333,0.18266462298153313,0.0972740789615357,0.08537338446672303,0.05721851188048059,0.0681249245077908,0.048739028465595684,0.06718429158110883,0.6680569815195072,0.6714342634238138,0.484375,0.09909262591643513,1.1590909090909092
0.031552734375,0.5340738806355102,0.6166019722136249,0.1594881656379712,0.13345917970094062,0.7734375,0.7666666666666666,0.16678585232140872,0.12421878718790542,0.06528948523595965,0.04222976038501717,0.06724844895143654,0.05332572727842814,0.17600330135149075,0.49437738574228823,0.6409149740241349,0.40625,0.0532114624505929,1.0088315217391306
0.061712239583333335,0.43124538453423356,0.5258614437176917,0.13356313207928538,0.1297070732115232,0.6609375,0.69375,0.16760774217885732,0.08105973016013417,0.07872428009076823,0.05082814374347376,0.06469450529446931,0.050352792240432404,0.06567148433379048,0.6219537925941555,0.6814280050001286,0.4375,0.1345884891984183,0.9527027027027026
0.06674153645833333,0.523684186460518,0.5889747841779251,0.196427188138577,0.11733001230893396,0.7734375,0.66875,0.2020346919071716,0.10738694191761292,0.07241465380962901,0.046734989752935656,0.06285220814170667,0.045809843227150884,0.0774520801833878,0.5855728429985856,0.7241678016106516,0.53125,0.12903489725919634,1.1565420560747663
0.05130533854166667,0.3835311449146628,0.5549494532918808,0.13197714800524848,0.13513342793681032,0.7734375,0.6229166666666666,0.1679000635757754,0.08653657950718273,0.06955963528739965,0.04346142632642076,0.0628354177785574,0.05056885262829197,0.08996891060211916,0.5966626483091174,0.6671503746103841,0.359375,0.10648964562008043,1.2416387959866222
0.06782877604166666,0.45927954180064307,0.5882805626209787,0.18023083956538224,0.1240795541454564,0.7265625,0.6979166666666666,0.19196780069991878,0.10501073650734037,0.07419268326421609,0.045875997148365745,0.061548320436779595,0.04579203471953642,0.0819695733550895,0.6123722224888419,0.7132311083314152,0.484375,0.13376344086021505,1.041044776119403
0.070595703125,0.5313442384838843,0.547887751494751,0.1670227317821564,0.148511180353728,0.7265625,0.7666666666666666,0.2022626007354556,0.09508945244222079,0.079040032114658,0.05190370503488037,0.0646446728274009,0.05035365001351673,0.07631299857057224,0.6135011758196154,0.7350926510461486,0.546875,0.12673562412342218,0.9476902173913044
0.02646484375,0.36751133917589174,0.6072563038130381,0.09127107089352664,0.11176399390931553,0.4,0.56875,0.12864062636485377,0.06536962570698084,0.07760750548681958,0.053786990343362984,0.06913103248679546,0.04974217977473892,0.1100861008610086,0.6345633456334563,0.5708930342783222,0.28125,0.11632898351648352,0.7032967032967034
0.03307291666666667,0.34922090305118114,0.5511292240813648,0.10733451505554886,0.10313892202976122,0.5046875,0.5333333333333333,0.1392204220613482,0.05268784908051453,0.07682800679326848,0.04983511249410265,0.06178246101590243,0.04516404199475066,0.07106299212598426,0.6473425196850394,0.6045113026558278,0.28125,0.12287151702786378,0.9462890624999999
0.059658203125,0.4424332098815954,0.5291717820701697,0.13394943574597568,0.10349647870087399,0.6921875,0.6416666666666666,0.1482555181098629,0.08169622873867467,0.11125661592186392,0.07480950813127758,0.08241199901142321,0.055493181066828434,0.029737545697604627,0.7604081409941617,0.6389201271962078,0.375,0.13431884142945094,1.0787337662337662
0.03984375,0.36378650939542484,0.6574950639978214,0.10997355343667073,0.11080574762273068,0.43281250000000004,0.6979166666666666,0.13762006833326632,0.07370761801650944,0.0793118031526336,0.05534808771459451,0.075259835960528,0.06006535947712418,0.12344771241830066,0.553921568627451,0.5690741861434777,0.296875,0.1319036586022954,0.6201492537313433
0.045777994791666665,0.4508265261679585,0.6097430609874612,0.1635793395369942,0.1200812144016064,0.7734375,0.7666666666666666,0.17145303640736712,0.10854287025050441,0.07875875088711443,0.053740097912227815,0.07312332598544644,0.05589859637234684,0.1181113560406741,0.554006968641115,0.6512186406746929,0.40625,0.07720136144049188,1.0088315217391306
0.04359049479166666,0.4043821409902173,0.5784402770517512,0.12000728464779585,0.11072367212016944,0.5546875,0.5562499999999999,0.1463928814824164,0.07232291606114258,0.08159006414902605,0.05294623593451773,0.07442546281450374,0.05749574267762516,0.09894705399148682,0.5933089388395191,0.6230703766122991,0.34375,0.1412776283167168,0.9971910112359552
0.06463541666666667,0.3370782131345689,0.5969594622951921,0.13039088387680986,0.15371569796443715,0.53125,0.7666666666666666,0.18036660703878366,0.08998991868085432,0.07800259910571802,0.04990173122447477,0.06585809988781975,0.04895344519757944,0.07589645447219984,0.6166901692183723,0.6725103706878175,0.453125,0.15869565217391307,0.6929347826086957
0.07272135416666667,0.3545224373321397,0.6233704491196658,0.13724537901142375,0.15416516203421746,0.55,0.7041666666666666,0.18720662096509713,0.08693027270092009,0.0766821142064704,0.04772891705497991,0.06472940474309688,0.05079853248371865,0.0567591763652641,0.6315129811996419,0.6837547860149827,0.453125,0.18776896180742336,0.7810650887573966
0.057330729166666664,0.5339134893822394,0.6021450810053752,0.12141166088577786,0.170443289831474,0.7625,0.7666666666666666,0.17197165231674236,0.11923697936071868,0.09664978869131118,0.0690229478813927,0.07653182099548882,0.056939341714428215,0.027992277992277992,0.6968544174426528,0.6496721736373714,0.484375,0.09807109764789737,0.9945652173913043
0.0246875,0.5246886949498946,0.5178432115857947,0.17718764980976168,0.1331676762373787,0.6875,0.5604166666666666,0.1900679717950479,0.11403183475366403,0.06083395383469844,0.03706436672027755,0.05721384545379333,0.04753298998924464,0.14451476793248946,0.5352056962025317,0.6442826154145478,0.34375,0.06407570125042246,1.2267657992565058
0.025481770833333334,0.48153663132345426,0.554156021120763,0.10648298851847535,0.12582150925026148,0.5921875,0.6145833333333333,0.1332891546912548,0.09697257486284531,0.061036801025980136,0.04350550028442032,0.06982075405532678,0.06278166862043744,0.21371997956055186,0.42284108329075115,0.5851797399926667,0.296875,0.07001475783730604,0.9635593220338984
0.02326171875,0.6256157290792052,0.49900847793637465,0.1151618416582142,0.09084593748241689,0.44218749999999996,0.4041666666666667,0.13395441623031484,0.05976159723071636,0.054716473771148535,0.039601337486658485,0.05976413515308167,0.04793467344956454,0.23159809683739155,0.43198992443324935,0.5364816230727978,0.203125,0.13015919274343377,1.0940721649484535
0.032731119791666666,0.5934000497265042,0.48953194927896565,0.11680463378803642,0.13395485148743305,0.5671875,0.6333333333333333,0.1638790034445616,0.06878151598645461,0.06267177582121859,0.04576953641702899,0.06140228741919443,0.04962861126549078,0.16310293386374938,0.49467926404773743,0.6388188789227702,0.359375,0.09111751486153401,0.8955592105263157
0.024475911458333333,0.5816261304694773,0.42146257259387326,0.11885143792602114,0.14036283752765896,0.5765625,0.5229166666666667,0.1685722773039073,0.07355798923620352,0.06733477803942431,0.040643393921317474,0.06698272872122649,0.053335210929697056,0.09482643968612847,0.5653677350711531,0.5932934954116339,0.296875,0.08118204688022976,1.1025896414342629
0.018570963541666666,0.5520204316389132,0.5639132340052585,0.12621039399052425,0.11527357559793314,0.6140625,0.5208333333333334,0.151598187167693,0.07896233551412274,0.056425220394906425,0.03778294704494094,0.06193810039353164,0.053066625423175404,0.18773006134969325,0.45083260297984223,0.607560172078749,0.25,0.058066157760814245,1.1789999999999998
0.010491536458333334,0.5967765862550419,0.5736199451856447,0.10542907705561201,0.06599393695249624,0.4375,0.2916666666666667,0.10974729134288426,0.05853223083215186,0.058262610039361694,0.05172023600945724,0.07612199083791135,0.06689419795221843,0.3177164132795532,0.4157617126900403,0.4473004011471509,0.140625,0.08221938775510204,1.5
0.014104817708333333,0.565698563351027,0.5158252557889068,0.10660122749640519,0.1232955700301516,0.4234375,0.49999999999999994,0.14182986737801487,0.08031131932881605,0.052851124294629,0.037221815667888625,0.06424204576822652,0.053691007905585494,0.24671128548349874,0.42857142857142855,0.5191626991888822,0.203125,0.06662054120541205,0.8468750000000002
0.024606119791666665,0.45824472483132694,0.42045547250518145,0.15666050489402858,0.15578638967665662,0.6171875,0.5916666666666666,0.2052734747055299,0.08169892033838169,0.050457447167251604,0.033817178403635115,0.05507160662915781,0.047261153436106554,0.21444635533800768,0.41844159280328086,0.7195379949677513,0.390625,0.06738277767873062,1.0431338028169015
0.018330078125,0.6192852623867874,0.5904990232640738,0.11801555692191323,0.061733052828229364,0.4953125,0.37291666666666673,0.11544476369917485,0.06641647402206756,0.06011400475658209,0.042305693055683366,0.06761310810951977,0.052499294869785953,0.21967678920262831,0.4718522464926301,0.4993160067351176,0.1875,0.09923691027968205,1.328212290502793
0.02056315104166667,0.5860844249643818,0.442017241834204,0.1773154224147822,0.18038859282121028,0.7453125,0.5499999999999999,0.23918352746038352,0.08229242758454149,0.05717966147991569,0.03790841449986293,0.06455533931159926,0.05246719868887875,0.1996200728193763,0.46699382618331486,0.6575243244997052,0.390625,0.050163585540944036,1.3551136363636367
0.025631510416666666,0.5829059642494284,0.5040690352214038,0.15680002531692663,0.1298330129833531,0.7171875,0.6125,0.1745413842119155,0.10477673595370714,0.054676846608595175,0.0340750005664868,0.052929223505505836,0.03971173432542943,0.1522733045466091,0.47015494030988064,0.5997036959285693,0.265625,0.0583492656321788,1.1709183673469385
0.020738932291666668,0.5190283609323497,0.5358882043635222,0.18709848182246483,0.07848843928729153,0.7,0.49999999999999994,0.1687018905405206,0.11272066860199265,0.056486345911775475,0.03631638752947286,0.06216157158201532,0.05498136470095808,0.22272798618741171,0.4467116622194318,0.510491901833255,0.21875,0.05925409226190478,1.4000000000000001
0.024671223958333332,0.40992400877424456,0.518430861591239,0.16113262921983051,0.15650314511162997,0.703125,0.75625,0.19536199169578775,0.11086320773720312,0.05456563414388053,0.03764392217365587,0.05947703794540642,0.04759539387730286,0.2436996965298852,0.43726085235519196,0.6320246857634573,0.328125,0.046397306397306395,0.9297520661157025
0.025677083333333333,0.5993873209305273,0.5084748985801217,0.1342217511256759,0.1414300471310131,0.546875,0.5979166666666667,0.17836838930128693,0.07875693242367954,0.060566559280913174,0.03781843621464683,0.057435469116652746,0.044005786898938075,0.12969066937119675,0.5427231237322515,0.6415201108268772,0.34375,0.07852663016426083,0.9146341463414634
0.047825520833333336,0.5663311666212906,0.5239367796533261,0.1804563816579865,0.16807406915775872,0.7734375,0.75625,0.2248570011488127,0.101255752620297,0.05909311723600412,0.03551424065982478,0.053095188524633914,0.04353523059101125,0.11958889191396678,0.5279063435883474,0.7707420790911584,0.59375,0.08176531151737765,1.0227272727272727
0.05255859375,0.529243601356373,0.5201203084355258,0.1886366309301611,0.17234443985938072,0.703125,0.7666666666666666,0.23297452919692246,0.10492498856134234,0.06404961588252295,0.03977231094946768,0.05840820163070803,0.048920997855354205,0.1269664313142574,0.5344357735662083,0.7491791462238578,0.546875,0.0975,0.9171195652173914
0.05638671875,0.5707361844763884,0.6208582294192356,0.11804409930270968,0.18018784302295657,0.5984375,0.7666666666666666,0.18925480703533548,0.10288190398447898,0.0800084217961518,0.055006201541097,0.07013907283268925,0.056952622868798826,0.05657545318092599,0.5940999884539891,0.7170928038810518,0.53125,0.12289987512771032,0.7805706521739131
0.012545572916666666,0.5032887908666321,0.6035736680505104,0.13867003807985048,0.04273990181426018,0.625,0.21249999999999997,0.1191511947481095,0.08281951133795629,0.05504441527519155,0.037566963503546935,0.07186829064786268,0.05919289355596935,0.26336274001037885,0.42371562013492475,0.5022340904566908,0.171875,0.09446078431372551,2.941176470588236
0.019892578125,0.6341101088201604,0.49448705885561556,0.12533526092525743,0.14718420471959984,0.5109375,0.5833333333333334,0.17800043059023243,0.07541859492085017,0.05238833219427519,0.035903740917079985,0.061458443629456364,0.05224586971100009,0.22942235313369333,0.4460808378334152,0.6512771806535442,0.34375,0.06674311926605504,0.8758928571428571
0.022913411458333335,0.4186356815598807,0.4846971634228347,0.12574671543821164,0.14694753395964064,0.525,0.5979166666666667,0.1791276801246124,0.07293208068808163,0.050721331294273635,0.035795898345932005,0.060085406516634216,0.05115198515831961,0.28114789032533033,0.3868447222616849,0.6147147397681696,0.28125,0.07299444167911068,0.878048780487805
0.0325390625,0.45126128576430574,0.5966611644657863,0.13080095498541625,0.11174165891896347,0.525,0.6166666666666667,0.15439669320921537,0.07587324488328072,0.07065610557948669,0.05035766870695781,0.06835479289755117,0.05816679613021679,0.15806322529011604,0.5094037615046019,0.6022191366498766,0.296875,0.10050675675675674,0.8513513513513513
0.052096354166666664,0.41138436094101477,0.5661334666333416,0.17978409391210798,0.14109658412631765,0.7734375,0.7666666666666666,0.2025638053169335,0.1058228295380357,0.06446623638208095,0.04278495969114748,0.05597130129232398,0.043257077887390895,0.12546863284178955,0.5351787053236691,0.7446879269067453,0.5,0.087856829161177,1.0088315217391306
0.011236979166666666,0.634416642526072,0.5126659665894168,0.1299793823879861,0.0939496788018817,0.440625,0.4541666666666666,0.14180894875051417,0.07490930547811193,0.05886669847545043,0.037764694256158866,0.07555381364596823,0.06382659668734238,0.21060254924681343,0.4768250289687138,0.4544701739244456,0.171875,0.05615199427418831,0.9701834862385322
0.007457682291666667,0.6989271879092099,0.5463098355885349,0.11895459464892506,0.0435983761308663,0.4,0.24583333333333335,0.11234968737010832,0.058553921620823,0.0434915825780334,0.03865470296383857,0.07211509658424697,0.06339213118682653,0.379746835443038,0.37276298559580967,0.3705482407536186,0.140625,0.07584083686440678,1.6271186440677965
0.005979817708333333,0.4988457743603702,0.4913287062239158,0.0941650291163395,0.07419172304675306,0.40156250000000004,0.2645833333333333,0.10871592684561344,0.05052040901681621,0.04386307598706331,0.035662937069345174,0.08057681428586677,0.07040464525494465,0.39520958083832336,0.3935764833968427,0.4334081384060546,0.140625,0.056282361591960546,1.5177165354330713
0.040130208333333334,0.40231865468851397,0.5785589714471123,0.15131298578781344,0.13080069544052086,0.734375,0.6958333333333333,0.17434394783728532,0.09802361678828657,0.07352368591823491,0.04764816226957667,0.06388676820501075,0.05044311689633673,0.09206683971447112,0.5865509409474368,0.6581973686767943,0.375,0.07853229710791183,1.0553892215568863
0.03986979166666667,0.5101875051028739,0.6340380402242544,0.16145683016595613,0.07770677753788478,0.7015625000000001,0.46458333333333335,0.1569834263677963,0.08638781817124098,0.07581421856789744,0.05118736123734623,0.06680562492795943,0.04992219618088907,0.08817766165904638,0.5948726322664925,0.6276230434362025,0.328125,0.12232464769742425,1.5100896860986548
0.05492838541666667,0.3656180551440085,0.5477762879775591,0.11865143636313565,0.10998600911516293,0.54375,0.6354166666666667,0.14617042847293374,0.06934905473151658,0.09413228844933731,0.060694857185104784,0.07605086837389928,0.05318264321255349,0.054699537750385205,0.7019082612302951,0.6390199787630838,0.34375,0.15897870736762768,0.8557377049180326
0.07706380208333333,0.4637099243896257,0.5704555454647856,0.15844873519034205,0.10276215173626517,0.7609375,0.6,0.16630228617366438,0.08949643080201002,0.09627605033734368,0.06431848943935439,0.07469814655607955,0.052041869379330676,0.03679141674410746,0.7210441834924389,0.68442462204074,0.4375,0.1687913529545973,1.2682291666666667
0.03397135416666667,0.410314506276351,0.5756875239555386,0.1463812146275611,0.08217615031891987,0.54375,0.5416666666666666,0.1465035004950174,0.08195794055358063,0.06463561277328102,0.044916365176720444,0.0596224231356015,0.04950585830345937,0.19231506324262168,0.5331544653123802,0.5856285809466495,0.3125,0.11534040671971708,1.0038461538461538
0.041585286458333336,0.3646795499021526,0.5893525766470972,0.12023587801231513,0.08352294611752546,0.51875,0.4416666666666667,0.13248246006944495,0.06229884961611496,0.07387437166647481,0.05117376715798951,0.06702827980507271,0.05077809754038602,0.1202348336594912,0.5632876712328767,0.5634642011890638,0.296875,0.18150431916344623,1.1745283018867925
0.035849609375,0.5751706789703077,0.6085627969974878,0.1285244308480596,0.08446948125207784,0.571875,0.46041666666666664,0.1312192099549753,0.08021933387036376,0.08279484317108302,0.061717762151054026,0.07204925373400065,0.05677069701938707,0.1223099972759466,0.5807681830563879,0.5271007790251006,0.265625,0.13615458793858023,1.242081447963801
0.06938151041666667,0.4079000304963874,0.6095426323855995,0.16584239759000252,0.11302117240380682,0.75625,0.6979166666666666,0.1754580115589975,0.09742675417817324,0.08365246445767947,0.05364535984890413,0.06845376416495096,0.050850679016093636,0.0410059116073942,0.6672609552406868,0.6897270713975828,0.46875,0.1314542987541631,1.0835820895522388
0.07924153645833333,0.469500472415068,0.5126885381149954,0.1795646566884866,0.1693348641133692,0.7734375,0.7666666666666666,0.22134051947251243,0.10920685223732812,0.07493461501595257,0.04704978342468395,0.06098222060051889,0.042825533450450384,0.05948321899519369,0.6342274986649139,0.7948893412115564,0.671875,0.1336352657004831,1.0088315217391306
0.054462890625,0.43113933342298727,0.5623860647899109,0.14274813067068629,0.1700079162555126,0.5953125,0.7666666666666666,0.19676209690098773,0.10278325555577146,0.06764547669525045,0.04303274709886252,0.060038369540631985,0.04845484664489189,0.1158328850636543,0.5663140278524894,0.7339436508534735,0.5,0.11932985279014038,0.7764945652173914
0.11579427083333334,0.44382366222028563,0.6429936701150717,0.17611992222031586,0.18837689250011982,0.7359375,0.7666666666666666,0.23269837165222015,0.11115551475881458,0.08683652928167782,0.05910460032031243,0.06301078398299609,0.04910251067704716,0.019453502754975822,0.6911334757674575,0.7989601662387715,0.625,0.20522939167358997,0.9599184782608696
0.048600260416666666,0.46910582719356997,0.5647595724492074,0.16699777289656753,0.119489010992057,0.7734375,0.7479166666666667,0.17798999257307663,0.10239844942238911,0.0789869062159358,0.049080055574239466,0.06688073755959181,0.052288719908593045,0.05579370395177495,0.6340924313462827,0.6665256852038073,0.453125,0.08401564390422328,1.0341225626740946
0.060458984375,0.5494211186938028,0.49029168685726593,0.2028050135449194,0.14863845802918021,0.7734375,0.7208333333333333,0.23076187868428552,0.09986100375194716,0.0714573020291948,0.04543254070363482,0.057928703167047256,0.04482745879270245,0.07570128681419265,0.608679265600603,0.7621541701380439,0.578125,0.10844280959887896,1.0729768786127167
0.04931315104166667,0.49923633573173143,0.5148403635003411,0.1840329822503131,0.13471629392661927,0.7734375,0.7666666666666666,0.20124437852652874,0.1073187705703832,0.06301121280250169,0.039751046927938856,0.05738604373031806,0.04614036518297331,0.11433097894250445,0.5357449336589873,0.7332220999539962,0.5,0.08316315327184894,1.0088315217391306
0.02919921875,0.5569613991081382,0.5375819862504645,0.09568221536655408,0.1679491561320646,0.5265625,0.7666666666666666,0.16838095404025746,0.09492028075926118,0.06544560299036004,0.04482575903239818,0.06666010885959736,0.05708396178984414,0.13890746934225195,0.48573021181716836,0.6526052735169117,0.390625,0.0723293768545994,0.6868206521739132
0.06037760416666667,0.6101586929857667,0.5175399638775071,0.12892780771508922,0.18507014363675803,0.609375,0.7125,0.20550536460129298,0.09295634883126005,0.0640009810264412,0.03956792626657967,0.05694795062730721,0.047894598857442475,0.10324563295233988,0.5383868880741859,0.7404937318995087,0.46875,0.13906132853501274,0.8552631578947368
0.039931640625,0.5156015631368712,0.5267095323496644,0.1491427932641071,0.14386976201251903,0.646875,0.6291666666666667,0.18739903548454573,0.08845158395201873,0.06655765428369115,0.04835113924974665,0.05742618886635114,0.04744052671202989,0.10312219776636504,0.541126599820657,0.6974345218908412,0.484375,0.09811402245896919,1.0281456953642385
0.028880208333333334,0.4388201645626691,0.5342364555154794,0.17390520319902436,0.11136630418157874,0.7625,0.5145833333333334,0.17744151533475624,0.10564081617662432,0.05351756572782403,0.035439984603274105,0.05618778620555526,0.04772626814476918,0.1757213706041479,0.4563796212804328,0.6392657426050756,0.40625,0.07360456627065773,1.4817813765182184
0.020403645833333334,0.47504387364390555,0.5938417358008935,0.15856504933679638,0.1011544021012356,0.7328125,0.5333333333333334,0.1625607164981596,0.09459969020691406,0.047867162180762535,0.03399743883913385,0.06217137780447213,0.055742833189434036,0.2871729419272495,0.3875239310784939,0.6117385929654093,0.3125,0.05220549040511726,1.3740234374999998
0.025179036458333335,0.5853094699418229,0.49191876750700275,0.17028092736153105,0.15104670225825345,0.70625,0.6833333333333333,0.20334419569418868,0.10228312941868749,0.05215001837839208,0.03408572019331938,0.05604674448965106,0.04816000608388151,0.20995475113122172,0.44292178409825467,0.7063436740585357,0.4375,0.05217326786099719,1.0335365853658538
0.016865234375,0.3924308772437754,0.4943274303545004,0.09342533014486064,0.1337933706103315,0.37031250000000004,0.5229166666666667,0.15049221606035953,0.06309557224712202,0.06006032600262648,0.04268325214643983,0.060401693972319676,0.04965352286446329,0.16174483690407257,0.49256900212314225,0.5537693555195095,0.25,0.08709465933733418,0.7081673306772909
0.029775390625,0.39479781622389853,0.588306730804271,0.1122185934997825,0.083135944836466,0.46562499999999996,0.4083333333333333,0.12610286469020007,0.06002220895507297,0.07130978334265815,0.04916174928814784,0.05961496001046094,0.050372456843238,0.10221930687657155,0.5982289275172188,0.5544749672333765,0.203125,0.15660525955348584,1.1403061224489794
0.013401692708333333,0.4665073931260627,0.5444402275119424,0.11949324877495807,0.0969983651806305,0.475,0.44375000000000003,0.13672772730272828,0.07066008729926494,0.05467049583982245,0.037609034505498816,0.0652578738563679,0.059336943424442894,0.2324508136992956,0.4437697352441098,0.5501405189195143,0.21875,0.06358104768964665,1.0704225352112675
0.013935546875,0.398291871058164,0.6345893677489682,0.14101967971008098,0.06685745503554992,0.56875,0.3604166666666666,0.14093344858800042,0.06703903660150444,0.05011931425221338,0.03948797744859817,0.07179924060257133,0.062274253312630826,0.3520205559448727,0.3475823405746321,0.5396989487589023,0.21875,0.06798259543924284,1.578034682080925
0.05284830729166667,0.4310738758854327,0.4751397443794272,0.2044372978297361,0.19117876054163618,0.7734375,0.7666666666666666,0.2607337959422627,0.10179300015079147,0.05968634697488481,0.03552257048765932,0.05346038877515897,0.044582208614890366,0.12048044348629504,0.4979981521404373,0.769687733431303,0.53125,0.08912494510320598,1.0088315217391306
0.04621419270833333,0.3968751100584631,0.6009894989551784,0.1415262733022904,0.14736437325590113,0.728125,0.7666666666666666,0.17870279603518147,0.09905178054506383,0.06620150349355775,0.040851306116158254,0.06339643697163305,0.04840763099633035,0.12016623230259914,0.5470874128336972,0.6330417952179045,0.375,0.08278713379361821,0.9497282608695653
0.032174479166666665,0.49033871028935655,0.6295861156077162,0.13280487751999276,0.1878114139006995,0.6609375,0.6729166666666666,0.19571744284932016,0.12085092158938317,0.05826052800723689,0.03749531994806837,0.05617754183826505,0.04847485736504233,0.16086604613516794,0.47774180493727236,0.6935315100573873,0.5,0.07234188934999158,0.9821981424148607
0.037652994791666665,0.5165405896083687,0.637582130197977,0.1593508384175087,0.16554109760094696,0.725,0.7041666666666666,0.20047513039169404,0.11227763265104268,0.059921649994829775,0.03825618792084257,0.05563257203979543,0.04570880310280938,0.13140831676320566,0.498746433820351,0.7192805734062621,0.453125,0.07375408079983677,1.0295857988165682
0.03340169270833333,0.5618563310106228,0.6308175372770686,0.12903767939495586,0.15797459016209833,0.7734375,0.6124999999999999,0.17870648312436146,0.09833964983586563,0.06009504864220319,0.03758008760511198,0.05995822751671568,0.047035892614525586,0.13653639996101744,0.49342169379202805,0.6423931189388675,0.421875,0.07050779907922766,1.2627551020408165
0.027662760416666668,0.40432289215109435,0.5666482799874479,0.1298005047730954,0.1005227773183255,0.5859375,0.4625,0.14871841121754564,0.0695401607998501,0.0669883109751314,0.04578155927782799,0.0674908513652578,0.05390980115275105,0.17627677100494235,0.5172981878088962,0.584446934218096,0.21875,0.10207807807807809,1.2668918918918919
0.023499348958333333,0.329981212771852,0.47051963568361277,0.1141466605980284,0.16088328751810463,0.5,0.5541666666666667,0.17978371522182307,0.08118317602405703,0.06600827337445575,0.04235466028387506,0.06091767639317813,0.04780684957179991,0.13007341737082698,0.5538163180495913,0.6249408647207557,0.296875,0.08480968045112781,0.9022556390977443
0.021998697916666667,0.5327789749186149,0.5410982045970207,0.13060526872678094,0.1679690042665526,0.6546875,0.7291666666666666,0.18120636646965838,0.11151491095075897,0.05584666539003882,0.03898030711431169,0.06258551955851889,0.05248565244387189,0.24711453092630956,0.43163657886948803,0.6143467658003116,0.296875,0.046082509376065464,0.8978571428571429
0.008020833333333333,0.4244159648944805,0.45990006087662333,0.07955540877349307,0.19604043411537514,0.38749999999999996,0.7666666666666666,0.19291162116293323,0.08686783808493942,0.04878724216959511,0.03480471500348869,0.05527119938884645,0.04550229182582123,0.20616883116883117,0.429788961038961,0.4967645474999188,0.1875,0.026998597475455827,0.5054347826086957
0.007978515625,0.35269022847817216,0.5804442064463483,0.09563783648847067,0.0822403130088997,0.359375,0.4416666666666666,0.10576870987432462,0.06872441242759514,0.05270037839697282,0.035953247258925805,0.06497388020895833,0.053634770921832615,0.200734394124847,0.47368421052631576,0.41243649965059354,0.125,0.05026661197703036,0.813679245283019
0.005621744791666667,0.4744842935726694,0.587726790194943,0.13424859073313272,0.044217981439180064,0.5406249999999999,0.2270833333333333,0.11482112499085925,0.08242586518940109,0.038918219285398,0.03272827468561801,0.0653541787299749,0.05704326895784371,0.36189924724956574,0.27504342790966996,0.4732472730816256,0.171875,0.045792013575860435,2.3807339449541285
0.014723307291666666,0.6648307953791732,0.6279101260225515,0.10146647465390284,0.02209832747599211,0.39062500000000006,0.11041666666666661,0.09159004738021828,0.0489391946890901,0.058978727462685274,0.04071448468536786,0.06309017526975416,0.04386469157638735,0.2270616847225293,0.4503648021224851,0.4603069028461692,0.125,0.34135849056603784,3.537735849056606
0.01515625,0.6417747261597938,0.6242961590778923,0.11405227803249479,0.03156366382378779,0.4671875,0.18333333333333335,0.10343691410001774,0.057489058088023445,0.0557080048514251,0.04472599372725878,0.0618017653796914,0.049658884172225595,0.27319587628865977,0.43513745704467355,0.4887929821496835,0.140625,0.1769534813013074,2.548295454545454
0.005074869791666666,0.44973941629249514,0.4465923669018602,0.04906768648546423,0.11570769395298831,0.171875,0.3916666666666666,0.11479030229668617,0.05117709248862837,0.03392320366247846,0.03274586617719226,0.06321800047793331,0.06227974191600951,0.3893521488133419,0.2655548428479795,0.3856083509194503,0.125,0.07538684719535783,0.43882978723404265
0.006917317708333333,0.4259419117647058,0.4998715686274509,0.07311518585991866,0.08577264326217265,0.24843749999999998,0.38541666666666663,0.10147452315679831,0.049047914182060656,0.04614163783160323,0.03713987077751143,0.06509065743944636,0.05901545559400231,0.3148235294117647,0.4178823529411765,0.36704399356538336,0.109375,0.07224205337412885,0.6445945945945946
0.016520182291666668,0.48322259852216753,0.5474384236453202,0.1658927893679409,0.12621809198665226,0.703125,0.5791666666666667,0.17580934870469084,0.11199329094664309,0.05389973920602724,0.03808311527910886,0.05811957886602918,0.048526997005698826,0.20729064039408868,0.43704433497536943,0.5944095249565428,0.234375,0.040567545963229416,1.2140287769784173
0.020182291666666668,0.6237951108870967,0.5827479838709677,0.1181055442061918,0.1353117577349784,0.5015624999999999,0.6854166666666667,0.14421938388693284,0.10704653504361415,0.05557558507273877,0.04350929384739694,0.059731815306767876,0.04844149272612271,0.22516129032258064,0.4532258064516129,0.5549441902516403,0.25,0.058707117764584475,0.7317629179331305
0.0626171875,0.5315325918850073,0.576711526131559,0.17574289569964827,0.09932167825635516,0.7703125,0.55,0.1767536777561528,0.09751153039630997,0.08772379402998463,0.05831861324903239,0.07237349088106858,0.053646960967793235,0.055053025577043044,0.679195258889582,0.6661806579268817,0.46875,0.14779642264429282,1.4005681818181817
0.03361979166666667,0.42659245497676224,0.5955672685902401,0.16939251199576869,0.10764722076792838,0.7734375,0.7645833333333333,0.16283441110403873,0.11733158918081976,0.07196845430658708,0.048262645333362254,0.06710294497349675,0.05475463616895248,0.12935708752904726,0.5632261812548413,0.6382505056521474,0.40625,0.05685189772383234,1.0115803814713897
0.06353515625,0.4949314414899068,0.5587982887590942,0.16076061923465712,0.11006095246826145,0.7546875,0.6416666666666666,0.1719356618417324,0.09162706009676813,0.0978463318927325,0.07020842667879157,0.07506313930429226,0.05445571609112955,0.03535198278512142,0.70811558561328,0.6775980508526228,0.46875,0.1312010970396064,1.1761363636363638
0.089013671875,0.40258393901993056,0.5562090875845676,0.15215823536291023,0.15346863869640967,0.7484375,0.7666666666666666,0.18984427868538045,0.10326616823777056,0.09400435251811458,0.06619570464811238,0.06968632470358778,0.0482098386986903,0.02731760833790455,0.7122325836533187,0.7318168729723691,0.5,0.15512957247889628,0.9762228260869565
0.04282877604166667,0.6306088251501101,0.5689257619518127,0.11909176390285561,0.14927899387740645,0.4765625,0.725,0.171331431600072,0.08433627208036945,0.06233675654650398,0.03919939909643537,0.06261424992585769,0.05226860524554885,0.14015353044006992,0.44721441057991945,0.6601011609517463,0.375,0.12395892217825513,0.6573275862068966
0.025999348958333335,0.6327978277200451,0.5849977567714203,0.12396005600068134,0.12466942804883555,0.4765625,0.6020833333333333,0.16011507354131627,0.0726066456915255,0.05502127231260602,0.036105477319279586,0.06620562335363593,0.05796625398625708,0.26893702266182545,0.3873794916739702,0.6039402067440093,0.328125,0.09061205967440014,0.791522491349481
0.0373046875,0.3510186245636998,0.6386023851076208,0.11655632498614958,0.1262399825561814,0.49687499999999996,0.6458333333333333,0.15477740469509838,0.07460472562721236,0.0679351880368203,0.04283659702232174,0.06657564247339424,0.055653423673134174,0.14275741710296685,0.5226003490401396,0.5791940667783472,0.28125,0.11625076080340845,0.7693548387096775
0.052054036458333335,0.5560571180664123,0.5842219842411357,0.1958821453867762,0.11095976864077503,0.7734375,0.6770833333333334,0.20429847909627652,0.0945728109822729,0.0628549637602524,0.03907227303960725,0.056657114725072066,0.04525511286373094,0.11825401788506035,0.5363642048652367,0.7084217142110247,0.46875,0.0994001554001554,1.1423076923076922
0.03806315104166667,0.5519838257932096,0.6878358490834973,0.0831787128374819,0.11365739789262118,0.41093749999999996,0.5604166666666666,0.1269944054582437,0.06090257258383337,0.10241421463821995,0.08560399756086651,0.08813484856869284,0.0715393657676874,0.05490464380398529,0.6476524416317455,0.5272602339346631,0.28125,0.16527909310642153,0.733271375464684
0.05918619791666667,0.572073427703223,0.6306053606130605,0.11185366614611152,0.15295396006061615,0.6125,0.7666666666666666,0.16467282526911917,0.09374975811401587,0.07957773363442837,0.05234620213404029,0.06831859132389069,0.05664511982331157,0.04801451985480145,0.6213287867121329,0.6520138635622459,0.421875,0.1260398181011535,0.798913043478261
0.06812174479166666,0.5553084083958523,0.5550147536675109,0.1564189223197024,0.1397929151466213,0.7734375,0.7666666666666666,0.189396704108155,0.09020990443302511,0.07941818290846706,0.04968213743234567,0.062331522182151405,0.05118277635515428,0.04114302097768433,0.6620155779614851,0.7299805223860966,0.53125,0.11488252086078174,1.0088315217391306
0.0794921875,0.5352164593570844,0.5626228501228501,0.16458907282154633,0.12021155748925917,0.7734375,0.7437499999999999,0.18442128862487794,0.08677078856498434,0.09588701000465706,0.06644159909816852,0.07520836344365756,0.055318205906441195,0.03058968058968059,0.7067567567567568,0.702168593523885,0.484375,0.13818860877684408,1.0399159663865547
0.049397786458333336,0.5695758855024713,0.5613559857221307,0.1156795166281719,0.21225682153765335,0.5171875,0.7666666666666666,0.21753190582957,0.10542570276147,0.07222508641018187,0.04752333126296541,0.057154375423975196,0.04892748005297671,0.06523887973640857,0.5778583196046129,0.7292422888223687,0.515625,0.12458130828845397,0.6745923913043479
0.04380208333333333,0.6138705549568966,0.6877582491082044,0.11449632661521593,0.10151431992135965,0.4078125,0.5604166666666666,0.14094536926174814,0.05957322251770358,0.09085793056818446,0.07190161314613085,0.07945373155207387,0.06861841645100371,0.09074019024970273,0.584051724137931,0.5909427958697657,0.28125,0.19165634035522514,0.7276951672862455
0.09432291666666667,0.40958546512631144,0.5149267928630591,0.18393483210086364,0.20209792950119834,0.7140625,0.7666666666666666,0.25015045265500396,0.11000157546663072,0.0695612866902697,0.04127763697628361,0.052608785093275295,0.04570814521280627,0.05449337382661513,0.6097114853672004,0.8075721523633238,0.640625,0.17229569022928362,0.9313858695652175
0.008831380208333333,0.6180848000368596,0.5888338555105049,0.09454582817703318,0.018923338227967657,0.34062499999999996,0.08541666666666659,0.08464633483401288,0.046173632676445524,0.04960285625492364,0.04042498720437147,0.07638458258349415,0.06662185699934231,0.34168816807961666,0.38112790269074825,0.3021287887039988,0.09375,0.3035354665473263,3.9878048780487836
0.011927083333333333,0.6361643695414847,0.5454046124454148,0.10302519797158081,0.06699120952400256,0.39375,0.3541666666666667,0.1123024367573388,0.04990166599359335,0.04909988012672318,0.03924887631323827,0.06711405086051887,0.05766974912235636,0.3463427947598253,0.3719978165938865,0.4050017620645342,0.125,0.08552754435107375,1.1117647058823528
0.014417317708333334,0.5971540556559044,0.5263565891472868,0.10555686974233885,0.13261653241592786,0.4265625,0.6708333333333334,0.1520296645924244,0.074942501317616,0.052041137068961706,0.03593954582798231,0.06446902987882892,0.052333328906184286,0.2517498306615489,0.42560397380898624,0.5622724439874724,0.203125,0.050383364047960316,0.6358695652173912
0.016214192708333332,0.4177875928528408,0.5280218998862343,0.09524742344187037,0.17288529978695777,0.36718749999999994,0.7479166666666666,0.1715896698724096,0.09756220450470925,0.0512653967429172,0.03438257393581021,0.059528167822037466,0.05228653195869795,0.22324834370608312,0.4025296125276049,0.6116081299074878,0.28125,0.05904107153440409,0.4909470752089136
0.015543619791666666,0.4689810209424084,0.5859581151832461,0.1657270220940583,0.07811248427931933,0.6390625,0.3916666666666667,0.16166442804377046,0.08620683707068694,0.04832850836669746,0.033539160641289006,0.06369202340622113,0.052112103480135515,0.2825130890052356,0.3924607329842932,0.593464217180977,0.265625,0.06210008843572803,1.6316489361702124
0.02439453125,0.45156375100080065,0.5489355373187439,0.1208647031327051,0.10541202067242116,0.53125,0.4666666666666666,0.14271439677209524,0.07316127062576785,0.05296106165978534,0.037063927993124975,0.06012443942081769,0.04965279413072942,0.24753135842006938,0.40272217774219377,0.6041795878288525,0.265625,0.09839810924369749,1.1383928571428572
0.016832682291666668,0.4708406860375169,0.6055538097079868,0.16308422645145332,0.07437957473562858,0.6703125,0.4416666666666667,0.14868312403763376,0.10011051234276788,0.05058755275461567,0.03587443934885725,0.069587935735114,0.05713614008744089,0.3384258363952814,0.3956681492941404,0.5728250552232693,0.234375,0.05685666534723138,1.5176886792452828
0.017024739583333334,0.5285856835564053,0.5611149617590822,0.12876729803945636,0.05487066281043884,0.5859375,0.35625,0.11423506190501506,0.08088360348795315,0.05302740599107713,0.037901147514365734,0.07266749147077568,0.06158137442357439,0.36233269598470363,0.3772466539196941,0.4700444083275531,0.171875,0.08155945419103314,1.644736842105263
0.027347005208333334,0.5854903806094512,0.6588255862397332,0.14739691177645203,0.04436331103509565,0.621875,0.28541666666666665,0.1334703822889539,0.07667861513402759,0.06360400605903592,0.04531380774697193,0.0712552894029889,0.05855465385773402,0.22413998333531723,0.45149386977740746,0.5072143915091497,0.234375,0.15407328613872284,2.178832116788321
0.019762369791666668,0.5960861575522978,0.536488359962664,0.13704167066363498,0.11706676408320774,0.578125,0.48124999999999996,0.16279979599572847,0.07733869131904682,0.05382386853604891,0.03762251845769305,0.059592211122630565,0.053832911850294395,0.22368637786196674,0.42678306704002633,0.5949842757176679,0.28125,0.07103077103077104,1.2012987012987013
0.025205078125,0.6279397520340952,0.573976494898618,0.1128902747914319,0.12133032125533216,0.40468750000000003,0.6437499999999999,0.14670812936944938,0.07708427709542345,0.06407203976773455,0.04991933792833959,0.06817694919889691,0.05586829850111297,0.22329846312798657,0.47901330233759526,0.5712364441652874,0.265625,0.0967500093713686,0.6286407766990293
0.018639322916666666,0.5465865678484108,0.5754700780067528,0.1383148243935753,0.10832345496309997,0.6515624999999999,0.5416666666666667,0.15162566317872567,0.08873905458015624,0.054456794942916054,0.04176312964598138,0.06765151048194339,0.060084376048707984,0.2743625567586448,0.42141110723017816,0.6111447046806988,0.28125,0.05281313410809813,1.202884615384615
0.017552083333333333,0.6028300027818991,0.5695045901335312,0.1184308190243736,0.061022671586188536,0.47968750000000004,0.3458333333333333,0.11898158096330291,0.05994171113484121,0.06389131320183859,0.04400956353158461,0.07810554488857857,0.06371530808168964,0.24851632047477745,0.42229228486646886,0.4504531651282237,0.15625,0.10580432479102075,1.3870481927710845
0.029124348958333334,0.5769421663686152,0.47162293692485374,0.14594537579476266,0.132201217434122,0.6328125,0.5604166666666667,0.18322494226015623,0.07215147358648276,0.05896159738065339,0.042858964336210156,0.06378740162657218,0.05399027387863606,0.2597518721359115,0.4314295294512127,0.6409132496406232,0.34375,0.08212400752673368,1.1291821561338289
0.019970703125,0.5935225651996741,0.5860992257538712,0.15981971216929644,0.07518745753343047,0.7515625,0.3666666666666667,0.1575153370927263,0.0799025202905576,0.05907601834539846,0.04078947528718532,0.06391677453377438,0.05042363807788804,0.17408312958435207,0.49470252648736757,0.5859468872900271,0.234375,0.07246975996975995,2.049715909090909
0.017815755208333332,0.5817104992691394,0.5866024118399416,0.11999756529261005,0.09996345058398062,0.503125,0.5833333333333333,0.13539196670839548,0.07785321110681868,0.059209739075604666,0.04465704481905557,0.07009956184191199,0.06032824238776453,0.21432486753151836,0.4759729581582313,0.5206192461189878,0.21875,0.060703194321206744,0.8625000000000002
0.019016927083333333,0.6984190452755905,0.5657926081250713,0.12179712406851073,0.08767128971241876,0.39843749999999994,0.45624999999999993,0.13389572156020849,0.06776968510381452,0.05762866598196965,0.05000346223289466,0.06602761611320325,0.05529398339274087,0.22714823690516947,0.43409791167408424,0.5142788083621979,0.21875,0.10461097681081567,0.8732876712328768
0.028587239583333333,0.5238723383056252,0.5892671088590299,0.19073433582996874,0.05895157106411559,0.7171875,0.3,0.17201434865263202,0.10132096748964417,0.05737002156818091,0.03910188748300363,0.06396461568002286,0.05435851407290313,0.21361876565702573,0.46834434069687997,0.6076517279495584,0.28125,0.13286734446865167,2.390625
0.030221354166666665,0.5916408606204223,0.546919655680023,0.1417136216001329,0.09580738897518175,0.5984375,0.44791666666666663,0.1557517205875761,0.07073335750038341,0.065064922996342,0.04566512216347584,0.06166839850977013,0.053082680724163854,0.13937957776820337,0.5385609651012495,0.605924755174916,0.296875,0.11274515756876557,1.336046511627907
0.02359375,0.6259690173151214,0.5817504254047093,0.1308772355420099,0.10514297921698043,0.5171875,0.51875,0.15226965661967728,0.07069546332450681,0.06291120200839719,0.04456160345613872,0.0667570228974592,0.05247316365839933,0.20584988962472406,0.43722406181015455,0.6033472991137182,0.296875,0.08794088741673643,0.9969879518072289
0.019765625,0.6329640666172596,0.5413390014273166,0.12394519135423028,0.1429777564984517,0.5015624999999999,0.6479166666666667,0.16789483182650872,0.08727184402266099,0.053877651192229196,0.03683517709615015,0.06252163579529309,0.05256658658193185,0.22776679841897232,0.4105731225296443,0.5799934664464437,0.265625,0.06082279051597199,0.7741157556270095
0.019801432291666667,0.603917680420845,0.6115951558989533,0.10704371685002048,0.10293764563242742,0.3984375,0.4875,0.13050824449047613,0.07086687749173566,0.056650324111232525,0.0384681798407236,0.07706723656090744,0.06496858812569907,0.33601841196777904,0.3347032714121322,0.5089468767882694,0.203125,0.10194402547343724,0.8173076923076923
0.028372395833333335,0.46623684172785684,0.6374956975676916,0.20592415287477475,0.163844886638804,0.7109375,0.7437499999999999,0.23798657687413788,0.11230446492729576,0.054406140611361564,0.03519576315664926,0.05639931970952677,0.047123613098291176,0.18471776044056906,0.46867829279486,0.7446515975423291,0.5,0.05365838643149568,0.9558823529411766
0.020712890625,0.6044033867672481,0.65255448163864,0.10844492306091164,0.09717878893477282,0.4484375,0.5249999999999999,0.12705877115139602,0.07113428870814231,0.05732343542477497,0.04019319969326675,0.06340824558646341,0.05247247413817012,0.22127927078422127,0.45654565456545654,0.5167218639684845,0.25,0.08797909407665508,0.8541666666666667
0.030511067708333332,0.5183225754827696,0.6749290959849212,0.13786880067687174,0.09775991947782786,0.646875,0.5562499999999999,0.14314990458397314,0.08984938994778854,0.07280737537733539,0.06070973138369348,0.07195637030017385,0.05973938492499316,0.1508588498879761,0.5018670649738611,0.5910868443305374,0.3125,0.08479436935714417,1.1629213483146068
0.012864583333333334,0.4571870255566801,0.5469018851214574,0.10435661559516704,0.10701570135071502,0.3828125,0.4395833333333333,0.13380939205662287,0.06661614032274667,0.051294951178852105,0.03829694879367811,0.07445621973485751,0.0641650789870604,0.3499493927125506,0.3717105263157895,0.5251184600525972,0.1875,0.07644839926491924,0.8708530805687204
0.0175,0.4456229073660714,0.49840533544146826,0.13415683314901453,0.14517641429043351,0.5796875,0.5416666666666666,0.1751300875541068,0.09167169454139591,0.05262677987861811,0.03599201416020804,0.0651734652194211,0.056737278244631185,0.2379092261904762,0.42931547619047616,0.5739496445053331,0.265625,0.055732946298984044,1.0701923076923079
0.011956380208333334,0.4451244725020419,0.5676808240312188,0.10085727442447966,0.09425643311601559,0.4328125,0.5125000000000001,0.12148512975479255,0.06555782361053439,0.04852367301399188,0.03792186221248848,0.07045264062608435,0.06247711172680343,0.3523005717397223,0.36809147835556766,0.5125894567149144,0.1875,0.05390214551965014,0.8445121951219511
0.012229817708333333,0.579268698429598,0.4955189202377783,0.08353707579953683,0.13351155938408177,0.39218749999999997,0.41875,0.14565435618418524,0.05990482490482093,0.03893385941014681,0.03201103075455452,0.06453208911991733,0.05685596037723047,0.42746872504657973,0.268831514506255,0.5158321335037397,0.1875,0.07446829597034747,0.9365671641791044
0.014134114583333333,0.45449569610778445,0.5696371679717488,0.08981447498287964,0.09730850088027349,0.346875,0.4791666666666667,0.1215419216596721,0.05256563077991766,0.04736499850976779,0.03782968733616586,0.06711012364411448,0.058122668689769785,0.35214187010594195,0.38323353293413176,0.4970867780333132,0.1875,0.08503721112416765,0.7239130434782608
0.015328776041666667,0.5045770067954981,0.5162485842712536,0.10031491023395792,0.11380266810839132,0.5859375,0.4229166666666666,0.13534034448073198,0.06853553559776487,0.04948305081217027,0.035961822045763,0.06167247531843486,0.05527587972967909,0.242514334253557,0.40284561478020814,0.5474500938959136,0.203125,0.06185878489326766,1.3854679802955667
0.017994791666666666,0.36590171626266277,0.6016940273757838,0.1214988105148215,0.09020202314835167,0.3890625,0.4979166666666666,0.13580437428002637,0.0667498154527994,0.053133424136659,0.037554732156296754,0.06345095201611758,0.05089597344002725,0.23100578871201158,0.420767004341534,0.56013560750744,0.21875,0.09289039001193057,0.7813807531380753
0.026214192708333334,0.5881990795355767,0.5558309015273811,0.1959022667602522,0.0829842852814068,0.75625,0.37916666666666665,0.1920719173099855,0.09150119292302715,0.05658882452770007,0.0386070711547035,0.05929442930779663,0.04952240426780423,0.1699987582267478,0.49136967589718117,0.6429879763327572,0.328125,0.09141994369267097,1.9945054945054945
0.016129557291666666,0.4030802219979818,0.5616645644130508,0.09157806144565662,0.10022761733814943,0.35468749999999993,0.48124999999999996,0.121884984572376,0.05980106312782939,0.05886389268118952,0.04436274381624172,0.0699550859698067,0.056873429492886964,0.2522704339051463,0.43249243188698283,0.5112450236193027,0.203125,0.09449434559566719,0.7370129870129869
0.022291666666666668,0.368233425817757,0.5511140722352025,0.10815213415040877,0.10166487935476896,0.403125,0.5916666666666667,0.13262779601057845,0.06665207829380967,0.06243128092358438,0.04085809981123416,0.06321754168957303,0.04758108851017042,0.1658878504672897,0.5115362149532711,0.5615840019599444,0.265625,0.09345998471448848,0.6813380281690141
0.013043619791666667,0.5839316352632893,0.5603584352383328,0.1661873072011145,0.055046440178496366,0.63125,0.2625,0.1512960129983514,0.08807864725281067,0.04501044740331871,0.034098288514142566,0.06393321491311774,0.058317552126915154,0.28974294983778387,0.3711005739955079,0.5300933053044848,0.203125,0.07871680025145372,2.4047619047619047
0.021712239583333334,0.5252045071214393,0.5687846701649175,0.17895201878601869,0.07851994397202304,0.7734375,0.55,0.16910077550721955,0.09794965212709111,0.05769233030543552,0.038203566376500374,0.06293970661727959,0.05249375312343828,0.1956521739130435,0.47481259370314843,0.5550485063573771,0.234375,0.051040710131619225,1.4062499999999998
0.02300455729166667,0.36881699271260787,0.5801589547662847,0.11545086770418027,0.11153355025484452,0.47968750000000004,0.53125,0.1497130834195713,0.0579191534736356,0.05506455022931771,0.03828563466968964,0.06186056706537149,0.05141599869040583,0.25399745295033255,0.4361115041743314,0.579015490724464,0.25,0.09027272146643672,0.9029411764705884
0.020221354166666667,0.3572196454443013,0.544735324103885,0.10459082811527576,0.15726676597487635,0.40312499999999996,0.6541666666666667,0.17148797242615033,0.07914513452641025,0.05453013143441537,0.03575992175687827,0.05952615431233665,0.05036299130083457,0.19542820347714102,0.4592723760463619,0.6108140045115906,0.34375,0.07667999802498396,0.6162420382165604
0.009899088541666667,0.5892207538638605,0.6196138879754467,0.14194247138007438,0.03680082851809951,0.534375,0.15833333333333333,0.12895861875502593,0.06979714041347022,0.048049209818751576,0.0393978683266681,0.07325634627412293,0.06244076058572064,0.38901677079907926,0.35711936862874055,0.43278941746905447,0.125,0.11699753770390889,3.3750000000000004
0.014583333333333334,0.4032247488839286,0.59908203125,0.09628324353400239,0.046948522514406454,0.3109375,0.2604166666666667,0.09888281658711358,0.04119241842272672,0.054164915966386555,0.04093012498757703,0.07363007703081233,0.06735644257703081,0.3064732142857143,0.39955357142857145,0.44713097679965447,0.140625,0.1801005025125628,1.1939999999999997
0.013723958333333333,0.5902866312855788,0.5393412001897534,0.1639103926127334,0.10291292191876834,0.76875,0.5395833333333333,0.17234692997632584,0.08805806057400059,0.04982791978271384,0.03667888220868722,0.06112475350671578,0.052621200282769655,0.247865275142315,0.43951612903225806,0.6182351741450981,0.296875,0.03308535015852089,1.424710424710425
0.03197265625,0.42017743967623705,0.5178544763456187,0.11264728347642365,0.11369520297932474,0.4953125,0.6104166666666666,0.14672983815726312,0.06392467637361161,0.060366683835008254,0.03773576109862372,0.0588287198406139,0.046367697964952624,0.13266137242924048,0.5042761148442273,0.604219771250786,0.265625,0.10574821545848992,0.8114334470989761
0.029189453125,0.5047477905096465,0.47063608230177323,0.15054950798059247,0.20545859702454233,0.6953125,0.63125,0.2386409263438754,0.08904435814934489,0.06436541829846693,0.044128729142029414,0.057986910611239034,0.04541969793381833,0.12378721980595517,0.5221367235418758,0.694884094959982,0.34375,0.06650350428301258,1.1014851485148516
0.017783203125,0.5103789126853377,0.5111164500579657,0.10103950120880606,0.16327783638697474,0.47187499999999993,0.6458333333333334,0.17580493634992714,0.07720917701111754,0.049704069802916584,0.036515192883773924,0.05688966415781029,0.04485576767774655,0.26999816950393557,0.42577338458722314,0.6086220847963751,0.28125,0.058352916043580436,0.7306451612903224
0.04593424479166667,0.475226773439161,0.522400520870243,0.1463536726448416,0.1465544601913941,0.7578125,0.7666666666666666,0.1842566408066729,0.09458909882890895,0.0591317300784675,0.03863000913476845,0.05732838100161047,0.045914395805803,0.1587414074126568,0.48798809439444407,0.7081140864667337,0.453125,0.07906207978484986,0.9884510869565218
0.014016927083333333,0.3667045256618671,0.5520765598389844,0.11917626012796631,0.09933138169340057,0.44375,0.49374999999999997,0.13860874763611428,0.06969447213342464,0.05703487154267187,0.039398053435034115,0.06171689298106609,0.04823183337431582,0.18625174175568973,0.5164886205294937,0.49261256623871097,0.1875,0.0639745646877043,0.8987341772151899
0.007373046875,0.5161361754966888,0.5803026122148639,0.1373499024759982,0.07084555487289895,0.5375000000000001,0.24166666666666664,0.1313619124570567,0.08141336690642226,0.027594684672986192,0.02987327347785012,0.06741115872397524,0.060038955979742896,0.6052980132450331,0.16379690949227374,0.5186459836376318,0.1875,0.05676122694466719,2.2241379310344835
0.01076171875,0.6178458673623713,0.5262092911877395,0.1170005757771878,0.1044277775614405,0.37656249999999997,0.4354166666666666,0.14337912501715033,0.06353520258826234,0.045293761787836735,0.042196713382455786,0.06340225140267844,0.053986216386130985,0.397459165154265,0.3705384150030248,0.5336413682872112,0.21875,0.06563560920407394,0.8648325358851675
0.014521484375,0.5082906018829859,0.5442823918403946,0.15387186414326548,0.10266865718809458,0.690625,0.4708333333333333,0.15904037927428008,0.09446460450360854,0.054395611640755834,0.03563369477867897,0.06096232709627228,0.05490547709781065,0.15579466487334678,0.47948890383322124,0.6154971384961673,0.25,0.0446582308893605,1.4668141592920356
0.0027604166666666667,0.48305019162735846,0.6251326650943396,0.01859189929944925,0.03418377591943377,0.0859375,0.15000000000000002,0.03421960404695654,0.01852587257163445,0.021785978542360338,0.023277335070858506,0.09884850166481686,0.09716518682944876,0.7429245283018868,0.0,0.2789638017975682,0.0625,0.2141414141414141,0.5729166666666666
0.010849609375,0.5443153690369037,0.5017814281428142,0.09587141408284927,0.15048402884663345,0.37656249999999997,0.5812499999999999,0.15288115010376227,0.09200067890570411,0.05572674914550279,0.043727530577073646,0.07232958589976644,0.06886688668866886,0.2532253225322532,0.402040204020402,0.531889376107858,0.21875,0.04956944630348459,0.6478494623655914
0.009837239583333334,0.5160758603573792,0.6147315519523494,0.17675373477102443,0.02602313491953317,0.64375,0.14791666666666659,0.15227428983454397,0.09344317504200708,0.05647733613630761,0.0422851333948255,0.06766068439288354,0.06191977783833587,0.22931833223031106,0.5059563203176705,0.5275022430754106,0.15625,0.10330917544099555,4.352112676056341
0.007835286458333333,0.6148018799335272,0.6310422725384295,0.11813616422930436,0.02578043115686654,0.42500000000000004,0.13750000000000007,0.10678448984061631,0.056726154980982255,0.06193536824783922,0.04692247483010547,0.0746319965460218,0.06185064802821835,0.24387203988367262,0.48151225592023267,0.4602153965618901,0.140625,0.13407976827094467,3.09090909090909
0.023404947916666665,0.4463525730180806,0.5774368335651368,0.15588524686464175,0.13029147667746804,0.6234375,0.7145833333333333,0.17088248436780443,0.1098874679894508,0.06276909651204013,0.04121873791103712,0.06117756142790914,0.046608852163953204,0.1571627260083449,0.5372739916550765,0.6298022392973183,0.3125,0.05253658928662765,0.8724489795918366
0.021207682291666665,0.6174872889485803,0.5358924916858532,0.11202683765338453,0.11042471850585991,0.4171875,0.4958333333333333,0.14230299906287194,0.06703347872092304,0.06392548116714068,0.04257477149957696,0.06985568747836818,0.05956269844852753,0.15425940138142746,0.523407521105142,0.599143747717611,0.28125,0.10252415572970762,0.8413865546218487
0.028063151041666668,0.6619794687391254,0.5338190658469628,0.14810210322370054,0.15796788622321883,0.4765625,0.7583333333333333,0.19795421440170266,0.08776226442908251,0.05436246648061846,0.036656143634533504,0.053696059098735184,0.04575466655749413,0.23616749797007308,0.4513397517689363,0.6723024738585477,0.421875,0.0776526751936588,0.6284340659340659
0.016565755208333335,0.6203318431911967,0.5608129462238816,0.10155738235723853,0.08846801329489824,0.3328125,0.4541666666666666,0.12158965944646649,0.05793484273986545,0.05622584659723587,0.04245189934111091,0.06469085570954654,0.05334150166256325,0.22597759874238554,0.4358420121831401,0.49252885744176317,0.203125,0.10959641641900335,0.7327981651376148
0.01703125,0.4673036721139144,0.551549757900102,0.14057205403694933,0.13092820502121824,0.6578125,0.66875,0.16702587812537048,0.0948949592059243,0.05032754692090902,0.040262823057841894,0.06790190082149067,0.05691521256820772,0.32951070336391436,0.37155963302752293,0.5762019876286247,0.21875,0.03871511976380226,0.9836448598130842
0.03204427083333333,0.46346680084315317,0.6149558106460788,0.14183131213891276,0.1413455816129608,0.7734375,0.6229166666666666,0.186123895276003,0.07384165593917381,0.06157348758276166,0.040337050894982525,0.05985371800081268,0.04980559472874887,0.1379520520113775,0.5093457943925234,0.6685022260382806,0.375,0.06651126651126653,1.2416387959866222
0.014759114583333333,0.37912956274812526,0.6085759447140127,0.1022850253957212,0.04984053690334983,0.39375,0.36041666666666666,0.10140802426189045,0.051601532480318305,0.054519664063243295,0.043029591193310075,0.06807476409178581,0.05855107812864891,0.30502867225408026,0.42876047640052933,0.4579267984067218,0.15625,0.10400036700614736,1.092485549132948
0.013134765625,0.5388673327137545,0.5717095208591491,0.12148555005054781,0.08836362327704156,0.6125,0.4270833333333333,0.12934108314009624,0.07640518962660713,0.052666618072259884,0.04082687570670501,0.07114221153145273,0.058657336540564174,0.3028500619578687,0.4205700123915737,0.5120796927122625,0.1875,0.05021154803384768,1.4341463414634148
0.02244140625,0.5573984171018276,0.5159163161202979,0.08083844187390098,0.13780700050327754,0.4484375,0.5625,0.14520028387423886,0.06665208650260585,0.05641506965420342,0.04085056831398158,0.06280994556221096,0.054558951517943995,0.20786190890629533,0.4186248912097476,0.5924441825873044,0.25,0.08896631823461092,0.7972222222222222
0.024703776041666667,0.46235134734484123,0.6162625730223569,0.15729256633058608,0.10108492753478229,0.7296874999999999,0.5875,0.1627266047022302,0.09208238767352925,0.052941951586274245,0.036390617515684114,0.06177930389443957,0.052653608551076245,0.22888391092370536,0.4130979048623007,0.62760712538248,0.296875,0.05762601181526873,1.2420212765957446
0.025397135416666668,0.404035423609331,0.5746178864393745,0.13757010953308152,0.13481803307515838,0.6234375,0.6291666666666667,0.1745405706582861,0.08146794629471389,0.056245507687822625,0.03938394017177127,0.058808450321938564,0.046999009806434754,0.2163547808254294,0.49730838246603437,0.6282012603006649,0.3125,0.06474796262178627,0.9908940397350994
0.019560546875,0.4585566962056915,0.5239976840295113,0.21438989445090018,0.18959173992432493,0.7296875,0.7666666666666666,0.2616016797569634,0.11607159789774638,0.05099605493720204,0.0351490440662858,0.0589990830747343,0.048735393641563804,0.2521218172740889,0.41987019470793807,0.7376706563399495,0.484375,0.034965319802625454,0.9517663043478262
0.030335286458333333,0.4399553331902565,0.5579651339557177,0.17711241677760228,0.1199025935146664,0.7734375,0.6583333333333333,0.18784262690658673,0.10227701415850617,0.0657779068275019,0.04467675010165492,0.06093433402978103,0.04960937910951482,0.15291340272561432,0.5424401759845477,0.7112616869516197,0.4375,0.059576780462856416,1.1748417721518987
0.02935546875,0.5570918926036814,0.6446969486952021,0.16556964654149273,0.14103990012381012,0.7734375,0.6520833333333333,0.1854552996842906,0.1136305113154875,0.060654725407572656,0.0387641073574072,0.06256767510730174,0.05423010188772781,0.16478154801508094,0.47959636282989576,0.6599126560862444,0.421875,0.05820505373221027,1.1861022364217253
0.024153645833333334,0.5342351752021562,0.46206592542677444,0.14334415604104658,0.13790326586758858,0.6546875000000001,0.5875,0.1760718707168967,0.09253947347115797,0.05592674805771365,0.03602621723644596,0.05537445166745943,0.04362612969716188,0.16900269541778976,0.47183288409703505,0.6418072651895846,0.375,0.06279727145009224,1.1143617021276597
0.030999348958333332,0.588315459939095,0.5131193338933809,0.16461381218212934,0.15095181000674832,0.7171875,0.7666666666666666,0.1960329251771252,0.10702919392365065,0.05911343640680047,0.038616092175266854,0.05870822549328457,0.04924753898198994,0.19815184290664706,0.4854562637824215,0.6920539493369682,0.484375,0.05637846926210098,0.9354619565217391
0.01560546875,0.5086977211097206,0.532997844527882,0.14632961665487462,0.1646360556264378,0.725,0.6145833333333334,0.1952819974740219,0.10189371415916777,0.04764534098996294,0.03191318847517695,0.06843767127209666,0.05906239007910214,0.392991239048811,0.33145598664997916,0.605353822478057,0.328125,0.03502337814143775,1.1796610169491524
0.021012369791666666,0.5148399980635167,0.4361034727601342,0.1828650120306135,0.1686396949068785,0.7734375,0.7666666666666666,0.22036308826110418,0.11540826944058337,0.05336127944593794,0.03394447244749474,0.057543475949636234,0.04757400404003584,0.2048024786986832,0.469713400464756,0.6928816820005628,0.46875,0.0354358805445762,1.0088315217391306
0.015882161458333332,0.37918182516909205,0.5883202671312427,0.09286304570041796,0.07977164274573675,0.34531249999999997,0.44583333333333336,0.11422840641780167,0.04403329888119778,0.05618476946015135,0.04045363369337989,0.07000309449461276,0.059643369542939126,0.2221766755482681,0.41258454601352734,0.5224420349952908,0.1875,0.10316319194823868,0.7745327102803737
0.01525390625,0.5022877320742638,0.5229646820315835,0.1298198191928278,0.1145386780656771,0.625,0.6291666666666667,0.1438953443010167,0.09626226735737729,0.05658992576971035,0.04116711733552186,0.06073577531738261,0.05204070531328195,0.2200170721297482,0.4632949210413999,0.5519241960159349,0.28125,0.03879139072847682,0.9933774834437087
0.05872721354166666,0.4281890035197605,0.4265161068307374,0.1083118039396114,0.17668775641447795,0.5421875,0.65625,0.19066237363841143,0.08122727016219067,0.06893579004685406,0.043827199381782804,0.056268130000184755,0.04543615794524672,0.08070506069508342,0.5854442658389225,0.6854580432601755,0.40625,0.16505191894240884,0.8261904761904763
0.017024739583333334,0.47411269120458893,0.5113005895474825,0.1048166337313079,0.10824770754173996,0.4390625,0.40625,0.13558186486531223,0.06573926387212922,0.04808832902185731,0.034956606758479024,0.06334720503880328,0.05359952011397294,0.29082217973231356,0.3659655831739962,0.4595912180975721,0.1875,0.09544666484168263,1.080769230769231
0.014498697916666666,0.4523984760889088,0.5298926058973207,0.10633344937095125,0.0917081972321157,0.49375,0.3854166666666667,0.1278424674738808,0.05808183369074198,0.05054720586034144,0.0341128088639721,0.06553527562798805,0.05421432156158377,0.2604400538841491,0.4355635383924562,0.5495432727217537,0.203125,0.07618884707492302,1.281081081081081
0.027294921875,0.5238092576028622,0.4941179685947128,0.15642799039678626,0.13718067758006686,0.7124999999999999,0.6083333333333333,0.18327992042963562,0.0984719515811977,0.05264162194394753,0.0346861958535146,0.05582891952248997,0.04541583359640815,0.19010137149672032,0.4661896243291592,0.6617874821958132,0.390625,0.06297314347512618,1.1712328767123288
0.019072265625,0.5552206007851169,0.4657211839335495,0.165853773598185,0.1444994586727304,0.6203125,0.5229166666666667,0.19999197051381665,0.09160119815521438,0.05576471926883059,0.034374474171986795,0.05649428230073392,0.046579587629555996,0.17033623485236388,0.5161290322580645,0.6335100853281397,0.359375,0.058797555370457714,1.1862549800796813
0.028154296875,0.42307672852352873,0.49550020233553005,0.12380457109870001,0.12559465608086137,0.5890625,0.47708333333333336,0.1630241274694043,0.06726606368624773,0.053374865959795875,0.035315005487661914,0.06258458985397836,0.051474158862296227,0.24199329402243033,0.40201179327089837,0.6374039799270065,0.3125,0.1001818539839922,1.2347161572052403
0.028352864583333335,0.3717234141791045,0.5265898871029469,0.1588485794740799,0.13758488644609093,0.7046875,0.63125,0.18950587222400161,0.09082949175205804,0.06139123387586951,0.04038116120603148,0.06432633214020396,0.05293037077058148,0.1801377726750861,0.4616532721010333,0.6238646748566065,0.375,0.0637380811251857,1.1163366336633664
0.014615885416666667,0.45699888641425385,0.4303582034149963,0.14528221482121972,0.16702052515100232,0.7437499999999999,0.5291666666666667,0.19994484045875607,0.09499915020145297,0.05042927638761518,0.03657319631352748,0.06985370540198262,0.062106642211450284,0.31202672605790643,0.3792873051224944,0.6117977549778068,0.3125,0.03713690200489645,1.4055118110236218
0.0662109375,0.35003641224188786,0.5575266306129139,0.12357219874553187,0.1495669691024082,0.5703125,0.7666666666666666,0.1708510575213191,0.09192541918932362,0.07537065957159658,0.04722806223506087,0.06287678099755144,0.0484840071721904,0.05309734513274336,0.6287610619469026,0.666211365036534,0.421875,0.1514294222751638,0.7438858695652174
0.023779296875,0.609293720054757,0.513080367328314,0.12554154465251696,0.11282613664393157,0.5296875,0.5270833333333333,0.15475464640256506,0.06739002864335408,0.052168404665083004,0.0370642716826817,0.06231402074861431,0.05311967360523949,0.302943189596167,0.4171115674195756,0.5325306393393808,0.28125,0.08517261883941377,1.0049407114624505
0.025074869791666666,0.39978782617162145,0.5371254165043922,0.1154845884200721,0.10636748584463283,0.578125,0.5791666666666666,0.1357421643386429,0.07889738289780267,0.0613746108595327,0.04234788044228371,0.0686704696158614,0.05702183768483376,0.22978060495910685,0.43930935998961446,0.5659984833512236,0.296875,0.07488819755006806,0.998201438848921
0.018557942708333334,0.6471427710050869,0.600933681225516,0.12796290521157183,0.09414118353989041,0.5859375,0.50625,0.13460209965381872,0.08437619520493031,0.056976588214657904,0.041628289666415505,0.06691498911439685,0.055937898751852955,0.24750043851955797,0.44588668654621993,0.5116308887514924,0.234375,0.06256241426611797,1.1574074074074074
0.014752604166666667,0.6325866753089144,0.6043142284495439,0.10256885428283381,0.07928649722601433,0.32343750000000004,0.46458333333333335,0.11730366010376728,0.05519574111762439,0.05423913607808525,0.04132887517429066,0.06755014450616963,0.057067822716023744,0.2945719329214475,0.43380406001765226,0.47118075190041936,0.1875,0.09817811572539588,0.696188340807175
0.03387369791666667,0.5596853678166442,0.6602124575565379,0.20894790945997513,0.09943635266687323,0.7734375,0.7666666666666666,0.20117230079485324,0.11435262346046046,0.05500220461046229,0.03680145577869197,0.0588887255844102,0.0499915207289912,0.22535075917739766,0.40630405535268116,0.6413998277699529,0.375,0.05712560386473431,1.0088315217391306
0.023408203125,0.4831403838130997,0.393859222175868,0.16281049718982896,0.16207675467226468,0.725,0.5458333333333333,0.2058719450712907,0.10194544929939851,0.05493795348761115,0.03476745766188766,0.052608789309076434,0.04510049326363837,0.18717841746627728,0.4963148379919344,0.6754156740084029,0.390625,0.05915207949460385,1.3282442748091603
0.02419921875,0.49383113061608824,0.5654349946193167,0.15643293908529265,0.10968279829415026,0.7078125,0.47708333333333336,0.17193027455210597,0.08331603306048359,0.054176623568448094,0.038087304137502914,0.057008867577162683,0.04505267266982122,0.22679580306698952,0.4587032553134248,0.645174049952624,0.3125,0.07166199138205269,1.4836244541484715
0.053313802083333334,0.5547978805409696,0.5373455753653275,0.1927046766112992,0.18899687938747825,0.7734375,0.6729166666666667,0.2536208560043357,0.09236543837225276,0.06526497764816026,0.03906290771084806,0.05755784301753428,0.049053129616726414,0.07613872267676151,0.5515936011723043,0.7683670607199496,0.53125,0.10243612596553772,1.1493808049535603
0.0537109375,0.5231189393939394,0.552021590909091,0.1925936312068778,0.17541017984765359,0.7734375,0.7666666666666666,0.2359416551279106,0.11041998619425361,0.06932453951277481,0.04687660937006955,0.062293523469994054,0.05083636363636363,0.08103030303030304,0.5163030303030303,0.7468724146977638,0.640625,0.09057971014492755,1.0088315217391306
0.022008463541666665,0.49312324360301735,0.4523002637676872,0.12810167904635772,0.1673243888457957,0.64375,0.5583333333333333,0.18631042651496638,0.09846784373046064,0.056057956387702244,0.03547028057451056,0.06673510995878902,0.057122887610894076,0.2646058275403047,0.43381156633634077,0.6031887646221274,0.296875,0.061232067816258506,1.1529850746268657
0.020458984375,0.4122339896579157,0.609346990188279,0.15728725155594198,0.09700412179666355,0.66875,0.5145833333333334,0.15792484967847759,0.09596260209891332,0.05333208541968896,0.03673614989043199,0.06751524794484222,0.05852652596440327,0.284805091487669,0.3918854415274463,0.5561981512660087,0.234375,0.0594517386204548,1.2995951417004046
0.023994140625,0.6024123253289919,0.5521466445077556,0.12304659419721031,0.10381162981847254,0.43593750000000003,0.5645833333333333,0.14454707533249922,0.07087638423284104,0.057563690243428806,0.038294005827081395,0.05711572378239045,0.04542284150127287,0.17473884140550808,0.49029982363315694,0.5902391964879872,0.25,0.09748839423878108,0.772140221402214
0.018981119791666667,0.37805077388098096,0.5655626536328817,0.1010584426428018,0.09219928802305478,0.3984375,0.40833333333333327,0.12585887036123483,0.05360095421483241,0.061504938109697656,0.04470942459957352,0.06895060545226493,0.0601343058231696,0.1859029326016121,0.47641913908420513,0.517613643942317,0.203125,0.1166666666666667,0.9757653061224492
0.021920572916666665,0.5210111467923968,0.5266257672507673,0.14978055847062222,0.1142735904620975,0.6421875,0.55625,0.16962820273103613,0.08196915280219239,0.05214626391096979,0.036441996331880375,0.057040362922715866,0.04568039273921627,0.2136917136917137,0.46673596673596673,0.5780708397142621,0.234375,0.06136489971477259,1.154494382022472
0.014921875,0.456975689899651,0.6103893979057591,0.15086660356204692,0.11290282790632311,0.6687500000000001,0.3854166666666667,0.17134268160233185,0.07841853148914843,0.04633850049618451,0.040992632416542996,0.06728433083530096,0.061519180097868116,0.3992146596858639,0.3287521815008726,0.5731815550812521,0.203125,0.05789340742611769,1.7351351351351352
0.024381510416666665,0.6552809996662217,0.537859368046284,0.11596884758781398,0.11921296439959336,0.4796875,0.6416666666666666,0.14419757764713656,0.08287076138471494,0.05536008796041781,0.037925767798159905,0.06535930259954449,0.055217675855388886,0.26582109479305743,0.39546061415220296,0.5511462977965149,0.3125,0.07921231862599942,0.7475649350649352
0.028522135416666667,0.5371782983337138,0.4535099482614319,0.21348862764051957,0.16379666965642112,0.7734375,0.5770833333333333,0.24823395757644784,0.10385877636628235,0.05576934266059767,0.03674182380507537,0.05598685947787013,0.04577520576822375,0.19675873088335996,0.4648482081716503,0.7304312218477239,0.5,0.06390256354155271,1.3402527075812276
0.019811197916666665,0.5328263637857378,0.5719123124109979,0.10590849249975076,0.12256080331273556,0.46562500000000007,0.475,0.1446208111062081,0.07295601611392502,0.055037276165806455,0.03966655411904835,0.062305645228844075,0.055023744627657176,0.21081169898126847,0.43575418994413406,0.5426322354670663,0.21875,0.08957376663134345,0.9802631578947371
0.06789713541666667,0.5372091194026272,0.5219995525298047,0.17720949760321325,0.17142575224134662,0.7734375,0.6979166666666666,0.22192376030718622,0.10742364350278463,0.06913602529898717,0.04606642958495023,0.057913548006219465,0.04919427162944955,0.08265413750119859,0.5687505992904401,0.7660453874939929,0.578125,0.12578320518619027,1.1082089552238807
0.028639322916666668,0.5620604469765856,0.5491766594680609,0.12532547901121657,0.2138043828216798,0.6031249999999999,0.7520833333333333,0.22317191076334858,0.1077640387577705,0.06209833785753446,0.04246972296108213,0.06162452250734347,0.049843770197326484,0.15344396453739487,0.5285292111843601,0.6866070284238166,0.4375,0.0631378008697774,0.801939058171745
0.022626953125,0.41624046899726663,0.5680402699851341,0.1175897888379678,0.16196529978341104,0.55625,0.7666666666666666,0.17429053554742788,0.09840185969522551,0.053985743340639374,0.0388954110917756,0.05755470365386839,0.047630895258405484,0.2153646957272335,0.4382103294490001,0.6397933203555175,0.375,0.05305782852955545,0.7255434782608696
0.010559895833333333,0.5673344058261406,0.3595503236744759,0.1876162329584008,0.133132692170119,0.7015625,0.48124999999999996,0.20884623453770104,0.09647494448502245,0.058425811755034945,0.04974157697631188,0.07407944682188534,0.06742462706414255,0.218557336621455,0.4445129469790382,0.6563096174546013,0.3125,0.0312768152411805,1.4577922077922079
0.002314453125,0.5679368846694797,0.4650550867323019,0.022155240897092903,0.04480139593424469,0.09062500000000007,0.17083333333333334,0.046279826680355664,0.01887319314004428,0.05849811091806625,0.08285139318540428,0.13467361628195582,0.12057030969912577,0.5021097046413502,0.06751054852320675,0.200476362027586,0.0625,0.14949537426408735,0.5304878048780491
0.06560872395833334,0.5790138923344084,0.6674967956669148,0.221774262045322,0.09466295865437568,0.7734375,0.5187499999999999,0.21542401540928147,0.10833924788316032,0.0710896434981832,0.046680022733134804,0.06259936472728511,0.04895277287297951,0.07263706276358224,0.5516745224510047,0.6846893496922991,0.5,0.16352277798060932,1.4909638554216869
0.046061197916666664,0.5230237411660777,0.509654593639576,0.1978945024009399,0.11977768923525477,0.76875,0.6083333333333333,0.20453036407445904,0.1080567401443432,0.06579893300076214,0.041273787032611,0.05848208965565024,0.045834130118478485,0.1,0.560565371024735,0.6772009560836082,0.40625,0.09849370753981512,1.2636986301369866
0.029280598958333334,0.6549013340744858,0.5179565036131184,0.13239080161608296,0.16162433543014024,0.5890625,0.7625,0.17634136573647172,0.11204228168856362,0.06640115968566415,0.04665032067875381,0.0582763844837546,0.04901328624835148,0.13329627570872707,0.5391884380211228,0.6591701427980382,0.375,0.06518966241973591,0.7725409836065574
0.017281901041666665,0.4398194692974195,0.5175849186915301,0.1240912137889466,0.0728405971734486,0.5546875,0.45,0.12619580967465688,0.06913030852496199,0.06298516392806887,0.043616739910496666,0.06801472896561149,0.057890596434467555,0.1661329817291392,0.483518553399887,0.5096620443743516,0.203125,0.0692357850808555,1.2326388888888888
0.039534505208333334,0.5258570913956361,0.5746049471661863,0.1525340515072825,0.13597255993029853,0.7734375,0.7458333333333333,0.16483141249964556,0.12077160004155212,0.07521242502764795,0.04844849955872818,0.061904923352626345,0.04807077874377417,0.07764512144915603,0.6102923013585838,0.6682208970800144,0.453125,0.06853450708199312,1.0370111731843574
0.01912109375,0.5910785346441948,0.4929193621609352,0.12010509492087418,0.10776559486203446,0.4859375,0.5583333333333333,0.1428741422110853,0.075004244875653,0.053636830966639286,0.0362104897844916,0.06563386675746226,0.054603537022572056,0.23255022131426625,0.3838951310861423,0.5653511629477386,0.296875,0.07047559629505205,0.8703358208955224
0.01697265625,0.4429699486958189,0.4332985711545838,0.11071745508995927,0.1241287534919194,0.5484374999999999,0.41666666666666663,0.15206176335541885,0.06740565577379572,0.06080462104289356,0.05484722623702938,0.07017757620884947,0.06221259504952729,0.2499041043344841,0.43517453011123897,0.5711128179744024,0.203125,0.07427350427350429,1.31625
0.10005533854166666,0.46023547556690636,0.559816074004186,0.17721782675229739,0.16525486775348436,0.76875,0.7666666666666666,0.2156512890053632,0.11049819448911469,0.07484764800932898,0.04743552908734785,0.05742532950324288,0.048077841931580184,0.05508019650583987,0.6349350945115008,0.777827203452391,0.640625,0.1697651555319901,1.002717391304348
0.04534830729166667,0.5907731632689686,0.6428821812265212,0.16134731301058108,0.08252928248571438,0.7734375,0.5145833333333333,0.15610241259671115,0.09206559979073305,0.07492529708746609,0.05296136620881015,0.06461847677840786,0.048277434583050075,0.09209676261574905,0.5825856004594071,0.6170281083361236,0.359375,0.11394102973050343,1.5030364372469638
